row,user_id,user_name,orders_id,products_id,products_names,0,1,2,3,4
0,1,Fabiana Lobo Oliveira,['1'],['28'],['instax']
1,2,Taís Braga,['2'],['57'],['dolce gusto']
2,3,Fabiana Cavalcanti Braga,"['3', '5', '8']","['5', '26', '1']","['led lights', 'nikon', 'battery']"
3,4,Poliane Simões Arruda,['12'],['69'],['barra de chocolate']
4,5,Émerson de Salles,['14'],['54'],['vodka']
5,6,Kléber Machado Paim,"['15', '16', '17', '18', '19']","['62', '27', '17', '52', '42']","['carrefour', 'camera canon', 'bateria carro', 'bebedouro', 'papel de parede branco']"
6,7,Fabiana Carmo Machado,"['20', '21', '22', '24']","['48', '9', '15', '32']","['cerveja', 'fluke', 'switch controller', 'instax mini']"
7,8,Antônio da Cunha,"['25', '29', '30']","['35', '69', '48']","['monitor ultrawide', 'barra de chocolate', 'cerveja']"
8,10,Kléber Monteiro Leal,"['35', '36']","['47', '16']","['chocolate', 'fichario']"
9,11,Fabiana Braz Paschoal,"['37', '38', '39']","['61', '1', '12']","['pasta', 'battery', 'multimeter']"
10,12,Beatriz Machado Falcão,['41'],['29'],['camera fotografica']
11,13,Kléber Oliveira Paim,"['42', '44']","['29', '47']","['camera fotografica', 'chocolate']"
12,14,Antônio Braga,"['45', '48']","['23', '19']","['moto g10', 'bateria de carro']"
13,15,Antônio Machado,"['50', '52', '53']","['42', '7', '66']","['papel de parede branco', 'trash can', 'leite condensado']"
14,16,Beatriz Simões,"['55', '56', '57']","['55', '70', '30']","['mercado livre', 'leite ninho', 'moto g9']"
15,17,Poliane Gimenes Paim,"['58', '59']","['38', '61']","['motorola g10', 'pasta']"
16,18,Gilmar Pedroso Leal,['60'],['31'],['camera polaroid']
17,19,Janaína Gimenes Paim,"['61', '62', '64', '66']","['10', '17', '16', '10']","['laser', 'bateria carro', 'fichario', 'laser']"
18,20,Fabiana Paschoal,"['68', '71', '72']","['24', '23', '59']","['polaroid', 'moto g10', 'doces']"
19,21,Adriano Leal,"['74', '75', '76', '77', '78']","['13', '41', '33', '62', '5']","['led strip', 'samsung s20 fe', 'câmera fotográfica', 'carrefour', 'led lights']"
20,22,Gilmar Monteiro Machado,['81'],['44'],['camera de segurança wifi']
21,24,Poliane da Silva,"['91', '92', '93', '94', '95']","['67', '59', '12', '30', '11']","['cortina para sala', 'doces', 'multimeter', 'moto g9', 'kabel']"
22,27,Gilmar Medeiros,"['99', '100', '101']","['64', '36', '45']","['heineken', 'ipad', 'instax mini 11']"
23,29,Gilmar Correia Velho,['105'],['18'],['arduino']
24,30,Elaine Farias Gimenes,"['108', '109', '110']","['8', '40', '48']","['car battery', 'notebook samsung i7', 'cerveja']"
25,32,Kléber Ito Vaz,"['113', '114']","['62', '32']","['carrefour', 'instax mini']"
26,34,Fabiana Machado Cavalcanti,"['119', '120', '121', '123', '124', '125']","['12', '67', '12', '43', '26', '4']","['multimeter', 'cortina para sala', 'multimeter', 'moto g 10', 'nikon', 'power supply']"
27,36,Janaína Arruda Lima,"['133', '134', '136', '139']","['59', '44', '60', '57']","['doces', 'camera de segurança wifi', 'cacau show', 'dolce gusto']"
28,37,Adriano Cavalcanti,"['141', '142']","['53', '20']","['jack daniels', 'led rgb']"
29,38,Heloísa Machado,['145'],['12'],['multimeter']
30,39,Émerson Quadros,"['146', '147', '148']","['30', '65', '53']","['moto g9', 'morango', 'jack daniels']"
31,41,Carina Oliveira Simões,"['157', '158', '159', '160', '161', '162']","['14', '29', '28', '23', '36', '11']","['carregador iphone', 'camera fotografica', 'instax', 'moto g10', 'ipad', 'kabel']"
32,42,Janaína Nazário Leal,"['163', '164', '165']","['20', '44', '43']","['led rgb', 'camera de segurança wifi', 'moto g 10']"
33,43,Janaína Braz Arruda,"['167', '168', '172']","['69', '12', '50']","['barra de chocolate', 'multimeter', 'gin']"
34,44,Elaine Gimenes,['174'],['39'],['moto g10 plus']
35,45,Gilmar Lopes Braz,['176'],['32'],['instax mini']
36,46,Antônio Cavalcanti Vaz,['178'],['38'],['motorola g10']
37,47,Elaine Barroso,"['179', '180', '183']","['46', '25', '5']","['vinho', 's20 fe', 'led lights']"
38,49,Carina Correia Medeiros,"['187', '188', '191', '192']","['68', '24', '68', '2']","['açúcar', 'polaroid', 'açúcar', 'bateria']"
39,51,Nicolas Farias da Silva,['196'],['6'],['battery charger']
40,53,Isabela da Silva Carmo,"['201', '202', '203']","['33', '43', '51']","['câmera fotográfica', 'moto g 10', 'queijo']"
41,54,Heloísa Correia da Cunha,['208'],['62'],['carrefour']
42,55,Carina Nazário,"['209', '210', '211', '212']","['34', '66', '21', '54']","['papel de parede cinza', 'leite condensado', 'camera', 'vodka']"
43,57,Elaine Pacheco Leal,['220'],['68'],['açúcar']
44,58,Fabiana Fraga Cavalcanti,"['222', '223', '224', '225']","['66', '8', '9', '5']","['leite condensado', 'car battery', 'fluke', 'led lights']"
45,59,Poliane Leal Lobo,"['227', '228', '229', '230', '231']","['51', '20', '61', '2', '12']","['queijo', 'led rgb', 'pasta', 'bateria', 'multimeter']"
46,60,Carlos Pacheco,"['232', '234', '235']","['60', '46', '61']","['cacau show', 'vinho', 'pasta']"
47,61,Nicolas Machado Gimenes,"['237', '238', '239', '240', '241', '242']","['51', '3', '47', '49', '58', '52']","['queijo', 'batteries', 'chocolate', 'whisky', 'espumante', 'bebedouro']"
48,62,Valdomiro Pacheco Vargas,['245'],['45'],['instax mini 11']
49,63,Fabiana da Silva Medeiros,"['246', '249']","['3', '28']","['batteries', 'instax']"
50,64,Valdomiro Monteiro,['252'],['47'],['chocolate']
51,65,Carina Leal Vaz,"['254', '255', '257', '258']","['35', '3', '33', '24']","['monitor ultrawide', 'batteries', 'câmera fotográfica', 'polaroid']"
52,66,Kléber Lima Quadros,"['259', '261']","['51', '58']","['queijo', 'espumante']"
53,67,Kléber Farias Ruiz,['262'],['70'],['leite ninho']
54,68,Taís Assis Arruda,"['267', '268', '269']","['65', '26', '15']","['morango', 'nikon', 'switch controller']"
55,69,Gilmar Silveira,['270'],['59'],['doces']
56,70,Gilmar Gimenes,"['271', '272', '273', '274', '275']","['55', '27', '35', '35', '22']","['mercado livre', 'camera canon', 'monitor ultrawide', 'monitor ultrawide', 'câmera']"
57,72,Kléber Damasceno Gimenes,"['277', '278', '280', '281', '283']","['6', '49', '24', '5', '4']","['battery charger', 'whisky', 'polaroid', 'led lights', 'power supply']"
58,73,Janaína Braz,"['284', '285', '286', '287', '288']","['63', '52', '65', '40', '51']","['cafeteira', 'bebedouro', 'morango', 'notebook samsung i7', 'queijo']"
59,75,Émerson Assis Simões,"['291', '293', '294', '295']","['69', '38', '51', '14']","['barra de chocolate', 'motorola g10', 'queijo', 'carregador iphone']"
60,77,Nicolas Silveira,"['303', '304', '305', '307', '308']","['42', '10', '7', '52', '20']","['papel de parede branco', 'laser', 'trash can', 'bebedouro', 'led rgb']"
61,78,Poliane Machado Pedroso,"['311', '314']","['35', '32']","['monitor ultrawide', 'instax mini']"
62,79,Carina Quadros Fraga,"['315', '316', '317', '318', '319']","['29', '32', '9', '29', '44']","['camera fotografica', 'instax mini', 'fluke', 'camera fotografica', 'camera de segurança wifi']"
63,81,Carlos Braga Quadros,['323'],['53'],['jack daniels']
64,82,Carina Braz Vargas,"['330', '331', '333']","['40', '39', '54']","['notebook samsung i7', 'moto g10 plus', 'vodka']"
65,83,Carina Gimenes da Silva,['334'],['23'],['moto g10']
66,84,Heloísa Correia Arruda,"['335', '336', '337']","['34', '40', '19']","['papel de parede cinza', 'notebook samsung i7', 'bateria de carro']"
67,86,Nicolas Gimenes Farias,"['344', '348']","['49', '43']","['whisky', 'moto g 10']"
68,87,Beatriz Braga Falcão,"['351', '352', '353', '354', '355', '356', '357']","['37', '31', '60', '6', '16', '51', '44']","['moto g9 plus', 'camera polaroid', 'cacau show', 'battery charger', 'fichario', 'queijo', 'camera de segurança wifi']"
69,88,Fernando Gimenes,"['358', '359', '361', '362', '363']","['70', '11', '35', '6', '61']","['leite ninho', 'kabel', 'monitor ultrawide', 'battery charger', 'pasta']"
70,89,Heloísa Pedroso Braga,['367'],['9'],['fluke']
71,90,Valdomiro Braga da Cunha,"['368', '370']","['31', '69']","['camera polaroid', 'barra de chocolate']"
72,91,Carina Oliveira,"['372', '373', '374', '375']","['14', '6', '21', '37']","['carregador iphone', 'battery charger', 'camera', 'moto g9 plus']"
73,92,Fernando Medeiros,"['376', '377', '378', '379']","['16', '67', '64', '64']","['fichario', 'cortina para sala', 'heineken', 'heineken']"
74,93,Gilmar Ito,"['380', '382', '383', '384']","['65', '50', '36', '65']","['morango', 'gin', 'ipad', 'morango']"
75,95,Nicole Farias Braz,"['388', '389', '393']","['38', '64', '20']","['motorola g10', 'heineken', 'led rgb']"
76,96,Elaine Leal,"['395', '396']","['23', '47']","['moto g10', 'chocolate']"
77,97,Poliane Lima,"['397', '398', '399', '400', '401', '403']","['18', '46', '61', '52', '35', '58']","['arduino', 'vinho', 'pasta', 'bebedouro', 'monitor ultrawide', 'espumante']"
78,98,Nicolas Lima Nazário,['405'],['2'],['bateria']
79,99,Émerson Assis,"['408', '409']","['47', '46']","['chocolate', 'vinho']"
80,100,Elaine Braga Nazário,['414'],['19'],['bateria de carro']
81,101,Carlos Pedroso,"['417', '418', '419', '420']","['41', '9', '13', '54']","['samsung s20 fe', 'fluke', 'led strip', 'vodka']"
82,102,Gilmar Cavalcanti,"['422', '423', '424', '425', '426']","['67', '33', '32', '37', '31']","['cortina para sala', 'câmera fotográfica', 'instax mini', 'moto g9 plus', 'camera polaroid']"
83,103,Gilmar Lobo Ruiz,['428'],['56'],['malbec']
84,104,Taís da Silva Machado,"['430', '431', '432']","['50', '18', '15']","['gin', 'arduino', 'switch controller']"
85,106,Heloísa Vargas,"['437', '438', '439', '440', '441', '442', '443']","['45', '4', '43', '62', '32', '22', '55']","['instax mini 11', 'power supply', 'moto g 10', 'carrefour', 'instax mini', 'câmera', 'mercado livre']"
86,107,Nicole Cavalcanti Cavalcanti,"['445', '446', '447', '448', '449', '450']","['65', '24', '66', '63', '55', '25']","['morango', 'polaroid', 'leite condensado', 'cafeteira', 'mercado livre', 's20 fe']"
87,108,Nicole da Cruz Lobo,"['451', '452', '453', '454', '456']","['21', '65', '14', '54', '5']","['camera', 'morango', 'carregador iphone', 'vodka', 'led lights']"
88,109,Émerson da Silva Barroso,"['457', '459']","['5', '13']","['led lights', 'led strip']"
89,110,Taís Vargas Leal,['461'],['16'],['fichario']
90,111,Fernando de Salles,"['466', '467']","['18', '35']","['arduino', 'monitor ultrawide']"
91,112,Nicolas Ito Lobo,"['469', '470', '471', '472']","['20', '7', '12', '63']","['led rgb', 'trash can', 'multimeter', 'cafeteira']"
92,115,Rafael Oliveira Pacheco,"['480', '481', '482']","['57', '66', '17']","['dolce gusto', 'leite condensado', 'bateria carro']"
93,116,Carina Pacheco Falcão,"['486', '487']","['6', '46']","['battery charger', 'vinho']"
94,117,Rafael Vaz Damasceno,"['488', '489']","['11', '22']","['kabel', 'câmera']"
95,119,Heloísa Paim Silveira,"['491', '492']","['2', '40']","['bateria', 'notebook samsung i7']"
96,120,Isabela Monteiro,"['494', '495', '497']","['45', '33', '39']","['instax mini 11', 'câmera fotográfica', 'moto g10 plus']"
97,121,Fernando Gimenes Machado,"['501', '504']","['10', '65']","['laser', 'morango']"
98,123,Antônio Leal Pacheco,"['509', '511', '512', '513', '514', '515']","['47', '52', '28', '29', '64', '8']","['chocolate', 'bebedouro', 'instax', 'camera fotografica', 'heineken', 'car battery']"
99,124,Beatriz Cavalcanti Correia,"['517', '519']","['67', '56']","['cortina para sala', 'malbec']"
100,125,Janaína Carmo,"['520', '521', '522', '523', '525', '526']","['63', '68', '43', '55', '38', '9']","['cafeteira', 'açúcar', 'moto g 10', 'mercado livre', 'motorola g10', 'fluke']"
101,127,Taís Ito Oliveira,['530'],['60'],['cacau show']
102,128,Elaine Medeiros da Cunha,"['531', '532', '533', '534', '536']","['68', '53', '20', '23', '46']","['açúcar', 'jack daniels', 'led rgb', 'moto g10', 'vinho']"
103,129,Taís Barroso Braga,"['537', '538', '539', '540', '541', '542']","['14', '37', '34', '70', '66', '14']","['carregador iphone', 'moto g9 plus', 'papel de parede cinza', 'leite ninho', 'leite condensado', 'carregador iphone']"
104,130,Beatriz Monteiro Fraga,"['543', '544', '545', '547', '548']","['56', '15', '56', '2', '32']","['malbec', 'switch controller', 'malbec', 'bateria', 'instax mini']"
105,131,Heloísa Ito,"['550', '551', '552', '553']","['6', '70', '2', '2']","['battery charger', 'leite ninho', 'bateria', 'bateria']"
106,133,Valdomiro Vaz da Cunha,['555'],['29'],['camera fotografica']
107,135,Poliane Cavalcanti,"['559', '560', '561', '562', '564']","['56', '19', '51', '69', '40']","['malbec', 'bateria de carro', 'queijo', 'barra de chocolate', 'notebook samsung i7']"
108,136,Nicolas Lima,"['565', '566', '567', '568', '569', '570']","['66', '8', '57', '24', '47', '68']","['leite condensado', 'car battery', 'dolce gusto', 'polaroid', 'chocolate', 'açúcar']"
109,137,Carina Gimenes,['574'],['60'],['cacau show']
110,138,Taís Lima Ito,"['575', '576', '577', '578']","['13', '48', '54', '51']","['led strip', 'cerveja', 'vodka', 'queijo']"
111,139,Heloísa Quadros Correia,"['579', '580', '583']","['32', '42', '21']","['instax mini', 'papel de parede branco', 'camera']"
112,140,Adriano Gimenes Pacheco,['585'],['20'],['led rgb']
113,141,Taís Ito Simões,"['586', '587', '588', '589', '590', '591', '592']","['23', '66', '36', '56', '7', '45', '7']","['moto g10', 'leite condensado', 'ipad', 'malbec', 'trash can', 'instax mini 11', 'trash can']"
114,142,Isabela Leal,['593'],['23'],['moto g10']
115,143,Kléber Ruiz,['595'],['39'],['moto g10 plus']
116,144,Taís Cavalcanti Machado,['597'],['35'],['monitor ultrawide']
117,145,Carina Vaz Pedroso,"['599', '600', '601', '602', '603']","['34', '62', '1', '39', '8']","['papel de parede cinza', 'carrefour', 'battery', 'moto g10 plus', 'car battery']"
118,147,Carina Pacheco,"['605', '608']","['18', '52']","['arduino', 'bebedouro']"
119,148,Adriano Lima da Silva,"['610', '611', '612', '613', '614']","['11', '46', '6', '58', '9']","['kabel', 'vinho', 'battery charger', 'espumante', 'fluke']"
120,149,Émerson da Cruz,['616'],['49'],['whisky']
121,152,Valdomiro Paschoal Simões,"['624', '625', '626', '627', '629']","['8', '25', '50', '14', '62']","['car battery', 's20 fe', 'gin', 'carregador iphone', 'carrefour']"
122,155,Gilmar Vaz Lima,"['635', '636']","['31', '44']","['camera polaroid', 'camera de segurança wifi']"
123,156,Valdomiro Gimenes,"['637', '638', '639']","['52', '47', '55']","['bebedouro', 'chocolate', 'mercado livre']"
124,158,Fabiana Velho,"['644', '645']","['38', '29']","['motorola g10', 'camera fotografica']"
125,159,Fabiana Gimenes,"['647', '652']","['65', '42']","['morango', 'papel de parede branco']"
126,160,Kléber Simões,"['653', '654', '655', '657', '658']","['19', '45', '12', '23', '43']","['bateria de carro', 'instax mini 11', 'multimeter', 'moto g10', 'moto g 10']"
127,162,Poliane Quadros da Cruz,['661'],['15'],['switch controller']
128,163,Beatriz da Cruz,"['662', '663', '664']","['26', '11', '25']","['nikon', 'kabel', 's20 fe']"
129,164,Fabiana da Silva,"['668', '669', '670']","['26', '26', '36']","['nikon', 'nikon', 'ipad']"
130,165,Carina Leal,"['672', '675', '676', '677']","['56', '56', '69', '45']","['malbec', 'malbec', 'barra de chocolate', 'instax mini 11']"
131,167,Heloísa Lima,"['679', '680', '681', '683', '684']","['62', '10', '52', '59', '63']","['carrefour', 'laser', 'bebedouro', 'doces', 'cafeteira']"
132,168,Nicolas da Cunha,['686'],['36'],['ipad']
133,169,Adriano Silveira,"['687', '688', '690']","['61', '3', '49']","['pasta', 'batteries', 'whisky']"
134,170,Valdomiro Gimenes Barroso,"['691', '692', '693', '694', '695', '696']","['56', '4', '18', '31', '52', '40']","['malbec', 'power supply', 'arduino', 'camera polaroid', 'bebedouro', 'notebook samsung i7']"
135,171,Gilmar da Cruz Simões,"['698', '700']","['60', '19']","['cacau show', 'bateria de carro']"
136,172,Nicolas Pedroso da Silva,['702'],['54'],['vodka']
137,173,Janaína Paschoal Oliveira,"['703', '704']","['21', '3']","['camera', 'batteries']"
138,174,Kléber Braz,"['707', '708', '710', '711']","['11', '26', '22', '47']","['kabel', 'nikon', 'câmera', 'chocolate']"
139,175,Taís Machado,"['712', '713', '714', '715']","['18', '68', '51', '22']","['arduino', 'açúcar', 'queijo', 'câmera']"
140,176,Gilmar Carmo Ruiz,"['716', '717']","['55', '25']","['mercado livre', 's20 fe']"
141,177,Beatriz Braga Velho,"['718', '719', '720', '721', '722']","['46', '28', '13', '55', '19']","['vinho', 'instax', 'led strip', 'mercado livre', 'bateria de carro']"
142,179,Elaine Farias Damasceno,"['730', '731']","['44', '41']","['camera de segurança wifi', 'samsung s20 fe']"
143,180,Heloísa Oliveira,"['732', '733', '734']","['15', '37', '51']","['switch controller', 'moto g9 plus', 'queijo']"
144,181,Poliane Simões,"['735', '736', '737', '738', '739', '740', '741']","['10', '32', '36', '27', '40', '5', '59']","['laser', 'instax mini', 'ipad', 'camera canon', 'notebook samsung i7', 'led lights', 'doces']"
145,182,Kléber da Cruz da Cruz,['742'],['3'],['batteries']
146,183,Janaína Machado,['747'],['47'],['chocolate']
147,184,Rafael Assis Machado,['749'],['36'],['ipad']
148,185,Nicole Damasceno Medeiros,"['751', '752', '753', '754', '755']","['33', '25', '49', '36', '31']","['câmera fotográfica', 's20 fe', 'whisky', 'ipad', 'camera polaroid']"
149,186,Nicole Silveira,['757'],['31'],['camera polaroid']
150,187,Fabiana Damasceno,"['760', '761', '762', '763']","['26', '44', '51', '6']","['nikon', 'camera de segurança wifi', 'queijo', 'battery charger']"
151,188,Adriano Velho Falcão,"['765', '771']","['30', '37']","['moto g9', 'moto g9 plus']"
152,189,Gilmar Ito,"['772', '773', '774', '775']","['13', '54', '13', '36']","['led strip', 'vodka', 'led strip', 'ipad']"
153,190,Taís Assis Oliveira,['776'],['48'],['cerveja']
154,191,Gilmar Falcão,"['777', '778']","['24', '54']","['polaroid', 'vodka']"
155,193,Adriano Assis,['781'],['67'],['cortina para sala']
156,194,Poliane Arruda,"['784', '785']","['13', '38']","['led strip', 'motorola g10']"
157,195,Carina Arruda,"['786', '787', '788', '789']","['5', '44', '67', '3']","['led lights', 'camera de segurança wifi', 'cortina para sala', 'batteries']"
158,196,Poliane Cavalcanti Assis,"['792', '793']","['41', '57']","['samsung s20 fe', 'dolce gusto']"
159,197,Fernando Fraga,['795'],['11'],['kabel']
160,198,Adriano Velho,"['796', '797', '798', '799', '800', '802']","['11', '57', '55', '21', '54', '6']","['kabel', 'dolce gusto', 'mercado livre', 'camera', 'vodka', 'battery charger']"
161,199,Poliane de Salles,['803'],['7'],['trash can']
162,200,Taís Medeiros Leal,"['807', '809']","['45', '27']","['instax mini 11', 'camera canon']"
163,201,Poliane Pedroso Pacheco,"['811', '813', '815', '816']","['56', '11', '31', '45']","['malbec', 'kabel', 'camera polaroid', 'instax mini 11']"
164,202,Carlos Pedroso Pedroso,"['817', '819', '820', '821']","['29', '39', '30', '62']","['camera fotografica', 'moto g10 plus', 'moto g9', 'carrefour']"
165,203,Nicole Ruiz Barroso,"['822', '824', '826']","['47', '4', '18']","['chocolate', 'power supply', 'arduino']"
166,204,Nicole Braga,"['827', '828', '829', '830', '831', '832']","['32', '12', '9', '34', '6', '46']","['instax mini', 'multimeter', 'fluke', 'papel de parede cinza', 'battery charger', 'vinho']"
167,205,Carlos Fraga,"['833', '834', '835']","['5', '21', '29']","['led lights', 'camera', 'camera fotografica']"
168,206,Heloísa Falcão,"['837', '838']","['30', '31']","['moto g9', 'camera polaroid']"
169,207,Elaine Lopes Lopes,"['839', '840', '841', '842', '843', '844', '845']","['48', '54', '54', '52', '60', '31', '41']","['cerveja', 'vodka', 'vodka', 'bebedouro', 'cacau show', 'camera polaroid', 'samsung s20 fe']"
170,208,Carlos Braz Vargas,['846'],['8'],['car battery']
171,209,Carina Lobo Lopes,"['851', '852', '853']","['6', '57', '10']","['battery charger', 'dolce gusto', 'laser']"
172,210,Beatriz da Cunha,"['855', '857']","['59', '3']","['doces', 'batteries']"
173,211,Nicolas Falcão,['865'],['48'],['cerveja']
174,212,Nicole Braz Lima,"['867', '868', '869', '870', '871', '873']","['53', '33', '2', '62', '3', '23']","['jack daniels', 'câmera fotográfica', 'bateria', 'carrefour', 'batteries', 'moto g10']"
175,213,Beatriz Gimenes,"['875', '876', '877', '878', '879', '880']","['15', '5', '2', '55', '38', '55']","['switch controller', 'led lights', 'bateria', 'mercado livre', 'motorola g10', 'mercado livre']"
176,214,Gilmar Ito Correia,['881'],['10'],['laser']
177,215,Carina Velho,"['883', '884', '885']","['65', '16', '29']","['morango', 'fichario', 'camera fotografica']"
178,216,Carina Paim Simões,"['886', '887', '888', '889', '890']","['4', '14', '22', '15', '44']","['power supply', 'carregador iphone', 'câmera', 'switch controller', 'camera de segurança wifi']"
179,217,Janaína Damasceno Lima,"['892', '896']","['61', '8']","['pasta', 'car battery']"
180,218,Adriano Quadros Lopes,['898'],['22'],['câmera']
181,219,Heloísa Lopes,['901'],['1'],['battery']
182,220,Nicolas Arruda,['904'],['27'],['camera canon']
183,221,Carlos Falcão,['906'],['32'],['instax mini']
184,222,Kléber da Silva,"['907', '908', '909', '910']","['54', '22', '70', '16']","['vodka', 'câmera', 'leite ninho', 'fichario']"
185,223,Carlos Paschoal Carmo,"['912', '913']","['14', '30']","['carregador iphone', 'moto g9']"
186,224,Poliane Lobo,['914'],['39'],['moto g10 plus']
187,225,Adriano da Cunha Ito,"['917', '918', '919', '920']","['60', '66', '23', '62']","['cacau show', 'leite condensado', 'moto g10', 'carrefour']"
188,226,Nicolas Gimenes,['921'],['29'],['camera fotografica']
189,227,Heloísa Vargas da Cruz,"['923', '924', '925', '926']","['46', '56', '13', '5']","['vinho', 'malbec', 'led strip', 'led lights']"
190,228,Nicole Farias Braz,['927'],['5'],['led lights']
191,229,Fernando Medeiros Lopes,['934'],['54'],['vodka']
192,230,Elaine Machado Nazário,['935'],['12'],['multimeter']
193,233,Janaína Lopes Arruda,"['949', '950', '951', '952']","['53', '7', '43', '8']","['jack daniels', 'trash can', 'moto g 10', 'car battery']"
194,234,Carlos Paschoal Quadros,"['953', '954']","['55', '65']","['mercado livre', 'morango']"
195,235,Carina Pedroso Vargas,['958'],['48'],['cerveja']
196,236,Heloísa Oliveira Lobo,"['961', '962']","['57', '54']","['dolce gusto', 'vodka']"
197,238,Gilmar Machado,"['966', '967', '968', '969', '970']","['25', '48', '34', '43', '50']","['s20 fe', 'cerveja', 'papel de parede cinza', 'moto g 10', 'gin']"
198,239,Fabiana de Salles Quadros,"['971', '972', '973']","['6', '3', '61']","['battery charger', 'batteries', 'pasta']"
199,240,Beatriz Gimenes Oliveira,['980'],['3'],['batteries']
200,241,Nicole Fraga Monteiro,"['981', '982', '985']","['50', '28', '63']","['gin', 'instax', 'cafeteira']"
201,243,Carlos Falcão,"['987', '988', '989', '990', '991']","['30', '8', '41', '50', '6']","['moto g9', 'car battery', 'samsung s20 fe', 'gin', 'battery charger']"
202,244,Rafael Machado Vaz,['992'],['19'],['bateria de carro']
203,245,Isabela Oliveira da Cunha,"['998', '999']","['43', '53']","['moto g 10', 'jack daniels']"
204,246,Gilmar Silveira,"['1000', '1001', '1002', '1003', '1006']","['12', '32', '39', '35', '43']","['multimeter', 'instax mini', 'moto g10 plus', 'monitor ultrawide', 'moto g 10']"
205,247,Fernando Lima,"['1007', '1008', '1009', '1011']","['53', '60', '23', '23']","['jack daniels', 'cacau show', 'moto g10', 'moto g10']"
206,248,Kléber Quadros Paim,"['1013', '1015', '1016', '1017', '1018']","['70', '14', '62', '60', '19']","['leite ninho', 'carregador iphone', 'carrefour', 'cacau show', 'bateria de carro']"
207,250,Beatriz Braga Lima,"['1026', '1027', '1028', '1029']","['29', '22', '51', '25']","['camera fotografica', 'câmera', 'queijo', 's20 fe']"
208,251,Antônio Paschoal,"['1031', '1032']","['28', '36']","['instax', 'ipad']"
209,252,Fabiana da Silva,['1033'],['24'],['polaroid']
210,253,Janaína Lima,"['1034', '1035']","['3', '65']","['batteries', 'morango']"
211,254,Beatriz Machado Falcão,"['1036', '1037', '1038', '1039', '1040', '1041']","['46', '64', '52', '14', '54', '16']","['vinho', 'heineken', 'bebedouro', 'carregador iphone', 'vodka', 'fichario']"
212,255,Valdomiro Pedroso Cavalcanti,"['1042', '1043']","['46', '70']","['vinho', 'leite ninho']"
213,257,Kléber Lima,"['1047', '1048', '1049', '1050', '1051', '1052']","['34', '29', '14', '21', '4', '32']","['papel de parede cinza', 'camera fotografica', 'carregador iphone', 'camera', 'power supply', 'instax mini']"
214,258,Janaína Farias Pacheco,"['1053', '1054', '1055', '1056', '1057', '1058', '1059']","['17', '2', '50', '5', '2', '28', '1']","['bateria carro', 'bateria', 'gin', 'led lights', 'bateria', 'instax', 'battery']"
215,259,Isabela Ruiz,['1060'],['45'],['instax mini 11']
216,260,Rafael Correia,['1061'],['6'],['battery charger']
217,261,Elaine de Salles,"['1062', '1064', '1065', '1066', '1067', '1068']","['67', '18', '16', '10', '18', '24']","['cortina para sala', 'arduino', 'fichario', 'laser', 'arduino', 'polaroid']"
218,262,Carina Nazário Quadros,"['1069', '1070', '1071', '1072']","['42', '11', '63', '60']","['papel de parede branco', 'kabel', 'cafeteira', 'cacau show']"
219,263,Janaína Correia Lima,"['1074', '1075', '1077', '1078', '1079']","['68', '33', '2', '52', '26']","['açúcar', 'câmera fotográfica', 'bateria', 'bebedouro', 'nikon']"
220,266,Beatriz Ito,"['1086', '1087', '1088', '1089', '1091']","['37', '26', '69', '14', '69']","['moto g9 plus', 'nikon', 'barra de chocolate', 'carregador iphone', 'barra de chocolate']"
221,267,Antônio Vaz,"['1092', '1093']","['59', '9']","['doces', 'fluke']"
222,269,Nicolas Machado Lima,['1095'],['52'],['bebedouro']
223,270,Carlos Quadros,"['1097', '1099', '1100']","['15', '4', '20']","['switch controller', 'power supply', 'led rgb']"
224,271,Valdomiro Fraga Lobo,"['1102', '1103']","['24', '43']","['polaroid', 'moto g 10']"
225,272,Janaína Braga Pacheco,['1106'],['9'],['fluke']
226,273,Nicole Cavalcanti da Cunha,['1116'],['56'],['malbec']
227,274,Elaine Silveira,"['1119', '1120']","['3', '17']","['batteries', 'bateria carro']"
228,276,Isabela Arruda,['1123'],['47'],['chocolate']
229,277,Gilmar Lima,['1126'],['16'],['fichario']
230,279,Nicolas Braga Vaz,['1134'],['36'],['ipad']
231,280,Antônio Assis,"['1141', '1142']","['55', '20']","['mercado livre', 'led rgb']"
232,281,Poliane Ito,['1143'],['6'],['battery charger']
233,283,Nicole Machado Medeiros,"['1146', '1148']","['22', '45']","['câmera', 'instax mini 11']"
234,284,Poliane Lima,"['1149', '1152', '1153', '1154', '1155']","['21', '6', '41', '69', '19']","['camera', 'battery charger', 'samsung s20 fe', 'barra de chocolate', 'bateria de carro']"
235,285,Antônio Braz Carmo,"['1156', '1157', '1158', '1159']","['32', '57', '17', '69']","['instax mini', 'dolce gusto', 'bateria carro', 'barra de chocolate']"
236,286,Adriano Quadros,"['1160', '1162']","['11', '37']","['kabel', 'moto g9 plus']"
237,287,Carina Vaz Simões,"['1164', '1167', '1168', '1169', '1170']","['37', '60', '46', '41', '39']","['moto g9 plus', 'cacau show', 'vinho', 'samsung s20 fe', 'moto g10 plus']"
238,288,Nicolas Medeiros Ito,['1175'],['54'],['vodka']
239,289,Valdomiro Ito Leal,['1178'],['39'],['moto g10 plus']
240,293,Kléber Oliveira,['1187'],['41'],['samsung s20 fe']
241,294,Carlos Monteiro Carmo,"['1189', '1190', '1191', '1192']","['37', '35', '7', '64']","['moto g9 plus', 'monitor ultrawide', 'trash can', 'heineken']"
242,295,Gilmar Medeiros,"['1193', '1196']","['20', '49']","['led rgb', 'whisky']"
243,296,Gilmar Vargas,"['1197', '1198', '1199']","['62', '11', '69']","['carrefour', 'kabel', 'barra de chocolate']"
244,297,Valdomiro Quadros Damasceno,['1202'],['22'],['câmera']
245,298,Beatriz Lopes,"['1206', '1207']","['43', '27']","['moto g 10', 'camera canon']"
246,299,Janaína Silveira,"['1210', '1212', '1213']","['22', '60', '10']","['câmera', 'cacau show', 'laser']"
247,300,Carina Falcão,"['1214', '1216', '1217', '1218', '1219']","['1', '62', '54', '19', '56']","['battery', 'carrefour', 'vodka', 'bateria de carro', 'malbec']"
248,301,Elaine Falcão,['1220'],['21'],['camera']
249,302,Carlos de Salles Braga,"['1221', '1223', '1224']","['47', '11', '6']","['chocolate', 'kabel', 'battery charger']"
250,303,Fernando Vargas,['1225'],['14'],['carregador iphone']
251,304,Valdomiro Vargas,['1227'],['36'],['ipad']
252,305,Heloísa Cavalcanti da Silva,"['1229', '1230']","['63', '6']","['cafeteira', 'battery charger']"
253,306,Janaína Lima,['1236'],['21'],['camera']
254,307,Nicole Carmo Braga,"['1237', '1238', '1239', '1240', '1241', '1242', '1243']","['34', '1', '41', '53', '23', '47', '53']","['papel de parede cinza', 'battery', 'samsung s20 fe', 'jack daniels', 'moto g10', 'chocolate', 'jack daniels']"
255,309,Kléber Damasceno,"['1245', '1246', '1247', '1248', '1249', '1250']","['59', '28', '30', '17', '2', '26']","['doces', 'instax', 'moto g9', 'bateria carro', 'bateria', 'nikon']"
256,310,Adriano Carmo,['1252'],['41'],['samsung s20 fe']
257,311,Janaína Simões Ito,"['1257', '1258']","['9', '60']","['fluke', 'cacau show']"
258,312,Beatriz Machado,"['1260', '1261', '1262', '1263', '1265', '1266']","['62', '27', '51', '62', '41', '45']","['carrefour', 'camera canon', 'queijo', 'carrefour', 'samsung s20 fe', 'instax mini 11']"
259,313,Beatriz Paschoal Lopes,"['1267', '1268']","['20', '39']","['led rgb', 'moto g10 plus']"
260,314,Nicolas Barroso de Salles,"['1269', '1270', '1271', '1272']","['4', '68', '51', '22']","['power supply', 'açúcar', 'queijo', 'câmera']"
261,315,Nicole Paschoal Medeiros,"['1275', '1276']","['24', '58']","['polaroid', 'espumante']"
262,316,Fernando Farias,"['1277', '1278', '1280', '1281', '1282']","['56', '53', '15', '70', '22']","['malbec', 'jack daniels', 'switch controller', 'leite ninho', 'câmera']"
263,317,Rafael Velho Silveira,"['1283', '1284']","['52', '48']","['bebedouro', 'cerveja']"
264,318,Antônio Vaz,['1286'],['70'],['leite ninho']
265,319,Émerson Simões Fraga,['1290'],['3'],['batteries']
266,320,Beatriz Vaz,['1296'],['4'],['power supply']
267,321,Elaine Braz Farias,['1299'],['56'],['malbec']
268,322,Carina Fraga Braga,['1301'],['58'],['espumante']
269,323,Isabela Lobo Farias,"['1302', '1303', '1305', '1306', '1307', '1308']","['53', '20', '42', '68', '21', '49']","['jack daniels', 'led rgb', 'papel de parede branco', 'açúcar', 'camera', 'whisky']"
270,324,Janaína Simões,"['1312', '1313', '1315']","['10', '38', '20']","['laser', 'motorola g10', 'led rgb']"
271,325,Nicolas Silveira,['1316'],['25'],['s20 fe']
272,326,Fabiana Vaz Paschoal,"['1318', '1319', '1320', '1321', '1322', '1323']","['70', '15', '10', '55', '17', '20']","['leite ninho', 'switch controller', 'laser', 'mercado livre', 'bateria carro', 'led rgb']"
273,327,Carlos Silveira,"['1324', '1325', '1326', '1327', '1329']","['40', '60', '17', '33', '50']","['notebook samsung i7', 'cacau show', 'bateria carro', 'câmera fotográfica', 'gin']"
274,328,Adriano Ruiz da Silva,"['1331', '1332', '1333', '1334', '1335']","['5', '12', '31', '6', '13']","['led lights', 'multimeter', 'camera polaroid', 'battery charger', 'led strip']"
275,329,Isabela Farias da Cunha,"['1336', '1337', '1338', '1339', '1340', '1342']","['51', '25', '32', '68', '57', '18']","['queijo', 's20 fe', 'instax mini', 'açúcar', 'dolce gusto', 'arduino']"
276,330,Adriano Gimenes Vaz,"['1343', '1344', '1345', '1346', '1347']","['19', '57', '57', '11', '62']","['bateria de carro', 'dolce gusto', 'dolce gusto', 'kabel', 'carrefour']"
277,331,Isabela Gimenes Paim,['1349'],['29'],['camera fotografica']
278,332,Carlos Barroso Oliveira,"['1350', '1351', '1352', '1353']","['1', '60', '63', '30']","['battery', 'cacau show', 'cafeteira', 'moto g9']"
279,333,Poliane Vaz,"['1354', '1355', '1359', '1360']","['48', '33', '38', '20']","['cerveja', 'câmera fotográfica', 'motorola g10', 'led rgb']"
280,334,Carina Farias Arruda,"['1362', '1364']","['53', '9']","['jack daniels', 'fluke']"
281,335,Janaína da Cunha,"['1370', '1371']","['29', '68']","['camera fotografica', 'açúcar']"
282,336,Nicole Machado Braz,['1372'],['18'],['arduino']
283,337,Heloísa Falcão,"['1373', '1374', '1375', '1376']","['48', '28', '37', '63']","['cerveja', 'instax', 'moto g9 plus', 'cafeteira']"
284,339,Kléber Medeiros Braga,"['1378', '1379', '1380', '1381', '1382']","['40', '4', '9', '44', '56']","['notebook samsung i7', 'power supply', 'fluke', 'camera de segurança wifi', 'malbec']"
285,340,Gilmar Lima,"['1384', '1385', '1386', '1387', '1388']","['15', '29', '6', '9', '63']","['switch controller', 'camera fotografica', 'battery charger', 'fluke', 'cafeteira']"
286,341,Adriano Gimenes,"['1390', '1391', '1392']","['41', '69', '2']","['samsung s20 fe', 'barra de chocolate', 'bateria']"
287,342,Nicolas Lobo Lopes,"['1393', '1394', '1395', '1396', '1397']","['50', '35', '60', '31', '44']","['gin', 'monitor ultrawide', 'cacau show', 'camera polaroid', 'camera de segurança wifi']"
288,343,Elaine da Silva,"['1398', '1399', '1400', '1401', '1403', '1404']","['17', '2', '2', '22', '39', '16']","['bateria carro', 'bateria', 'bateria', 'câmera', 'moto g10 plus', 'fichario']"
289,344,Kléber Ito Arruda,['1408'],['5'],['led lights']
290,345,Fabiana Pedroso,"['1412', '1413', '1414']","['53', '52', '10']","['jack daniels', 'bebedouro', 'laser']"
291,346,Isabela de Salles Braz,['1416'],['36'],['ipad']
292,347,Antônio Monteiro Velho,"['1417', '1418']","['39', '51']","['moto g10 plus', 'queijo']"
293,348,Beatriz Machado Nazário,"['1420', '1421', '1422', '1423']","['35', '20', '18', '31']","['monitor ultrawide', 'led rgb', 'arduino', 'camera polaroid']"
294,349,Adriano Nazário,"['1424', '1425', '1426', '1427', '1428']","['3', '50', '50', '33', '46']","['batteries', 'gin', 'gin', 'câmera fotográfica', 'vinho']"
295,350,Janaína Farias,['1430'],['38'],['motorola g10']
296,352,Fernando da Cruz,"['1435', '1436', '1437']","['47', '31', '31']","['chocolate', 'camera polaroid', 'camera polaroid']"
297,353,Carlos Lima Falcão,"['1438', '1439', '1440', '1441', '1442', '1443', '1444']","['5', '5', '31', '46', '3', '10', '5']","['led lights', 'led lights', 'camera polaroid', 'vinho', 'batteries', 'laser', 'led lights']"
298,354,Janaína Lopes Medeiros,['1449'],['40'],['notebook samsung i7']
299,355,Valdomiro Falcão,"['1451', '1452', '1454', '1455', '1456']","['41', '47', '34', '31', '1']","['samsung s20 fe', 'chocolate', 'papel de parede cinza', 'camera polaroid', 'battery']"
300,356,Antônio da Cruz Nazário,['1458'],['7'],['trash can']
301,357,Kléber Cavalcanti,"['1464', '1465', '1466', '1467']","['26', '39', '66', '11']","['nikon', 'moto g10 plus', 'leite condensado', 'kabel']"
302,358,Fernando Ito Correia,['1470'],['17'],['bateria carro']
303,359,Carlos Leal Carmo,"['1471', '1473', '1474', '1475']","['27', '10', '68', '21']","['camera canon', 'laser', 'açúcar', 'camera']"
304,360,Gilmar Machado Machado,"['1478', '1479']","['23', '32']","['moto g10', 'instax mini']"
305,361,Taís Correia Lobo,"['1480', '1482', '1483', '1485', '1486']","['66', '33', '65', '9', '4']","['leite condensado', 'câmera fotográfica', 'morango', 'fluke', 'power supply']"
306,362,Kléber Paschoal,"['1487', '1488']","['6', '52']","['battery charger', 'bebedouro']"
307,364,Gilmar Correia Lopes,"['1498', '1500', '1501', '1502']","['1', '4', '34', '16']","['battery', 'power supply', 'papel de parede cinza', 'fichario']"
308,365,Antônio Carmo Arruda,"['1503', '1504', '1505', '1506', '1507']","['40', '46', '45', '11', '60']","['notebook samsung i7', 'vinho', 'instax mini 11', 'kabel', 'cacau show']"
309,366,Carlos da Silva Machado,"['1508', '1509', '1510', '1511', '1512', '1513']","['66', '15', '26', '5', '63', '57']","['leite condensado', 'switch controller', 'nikon', 'led lights', 'cafeteira', 'dolce gusto']"
310,367,Isabela Pedroso,"['1516', '1519', '1521']","['4', '66', '41']","['power supply', 'leite condensado', 'samsung s20 fe']"
311,369,Heloísa Leal Pacheco,"['1524', '1525', '1526', '1527', '1528', '1529', '1530']","['67', '1', '39', '52', '60', '8', '60']","['cortina para sala', 'battery', 'moto g10 plus', 'bebedouro', 'cacau show', 'car battery', 'cacau show']"
312,370,Elaine Machado,"['1531', '1532', '1533']","['18', '2', '37']","['arduino', 'bateria', 'moto g9 plus']"
313,371,Nicole Lopes Nazário,"['1535', '1538']","['43', '17']","['moto g 10', 'bateria carro']"
314,372,Nicolas Gimenes,['1544'],['29'],['camera fotografica']
315,373,Beatriz Falcão Damasceno,"['1545', '1546', '1547']","['5', '20', '20']","['led lights', 'led rgb', 'led rgb']"
316,374,Adriano Damasceno,"['1549', '1550', '1551', '1552']","['7', '52', '57', '16']","['trash can', 'bebedouro', 'dolce gusto', 'fichario']"
317,375,Carina Vaz,"['1553', '1554']","['45', '60']","['instax mini 11', 'cacau show']"
318,376,Beatriz Arruda Cavalcanti,"['1555', '1556', '1557']","['60', '27', '59']","['cacau show', 'camera canon', 'doces']"
319,378,Gilmar Velho,"['1563', '1565', '1566', '1567']","['40', '8', '4', '62']","['notebook samsung i7', 'car battery', 'power supply', 'carrefour']"
320,379,Nicolas Vargas,"['1569', '1571', '1572', '1573', '1574']","['36', '10', '18', '61', '28']","['ipad', 'laser', 'arduino', 'pasta', 'instax']"
321,381,Poliane Nazário Vargas,"['1578', '1579', '1580', '1581']","['25', '70', '60', '39']","['s20 fe', 'leite ninho', 'cacau show', 'moto g10 plus']"
322,382,Antônio Vaz Pacheco,['1584'],['62'],['carrefour']
323,383,Valdomiro Cavalcanti Vaz,['1588'],['9'],['fluke']
324,384,Fernando Ruiz Barroso,"['1591', '1593', '1594', '1595', '1597']","['59', '54', '38', '56', '69']","['doces', 'vodka', 'motorola g10', 'malbec', 'barra de chocolate']"
325,385,Fabiana da Silva,"['1600', '1601']","['45', '21']","['instax mini 11', 'camera']"
326,386,Elaine Carmo Silveira,['1604'],['4'],['power supply']
327,387,Rafael Cavalcanti Fraga,"['1607', '1609']","['22', '70']","['câmera', 'leite ninho']"
328,388,Isabela da Cruz Carmo,"['1611', '1612', '1613', '1614']","['27', '48', '27', '63']","['camera canon', 'cerveja', 'camera canon', 'cafeteira']"
329,389,Antônio Gimenes,"['1616', '1617', '1618', '1619', '1620']","['62', '70', '45', '10', '49']","['carrefour', 'leite ninho', 'instax mini 11', 'laser', 'whisky']"
330,390,Elaine Vargas,"['1621', '1622', '1623', '1624', '1625', '1626']","['60', '24', '47', '70', '14', '66']","['cacau show', 'polaroid', 'chocolate', 'leite ninho', 'carregador iphone', 'leite condensado']"
331,391,Isabela Lima Cavalcanti,"['1627', '1628', '1629', '1630', '1631', '1632', '1633']","['64', '9', '23', '7', '53', '57', '50']","['heineken', 'fluke', 'moto g10', 'trash can', 'jack daniels', 'dolce gusto', 'gin']"
332,392,Fabiana Barroso Barroso,"['1634', '1635']","['56', '25']","['malbec', 's20 fe']"
333,393,Valdomiro Vaz Machado,"['1636', '1637', '1638']","['47', '5', '35']","['chocolate', 'led lights', 'monitor ultrawide']"
334,395,Elaine Simões Lima,"['1644', '1645', '1646', '1647']","['15', '45', '36', '70']","['switch controller', 'instax mini 11', 'ipad', 'leite ninho']"
335,397,Nicolas Oliveira Assis,"['1650', '1652']","['19', '22']","['bateria de carro', 'câmera']"
336,398,Rafael Braz,"['1655', '1656', '1657']","['4', '18', '34']","['power supply', 'arduino', 'papel de parede cinza']"
337,399,Nicole Gimenes,['1662'],['40'],['notebook samsung i7']
338,400,Antônio Lopes Monteiro,['1666'],['58'],['espumante']
339,401,Taís Carmo Silveira,['1667'],['31'],['camera polaroid']
340,402,Carina Simões,"['1670', '1672', '1673']","['40', '21', '45']","['notebook samsung i7', 'camera', 'instax mini 11']"
341,403,Rafael Ruiz Monteiro,['1676'],['10'],['laser']
342,404,Émerson Monteiro,['1679'],['29'],['camera fotografica']
343,405,Isabela Paim,"['1683', '1684', '1685']","['7', '46', '60']","['trash can', 'vinho', 'cacau show']"
344,406,Fernando Ito Assis,"['1687', '1690', '1691']","['15', '56', '44']","['switch controller', 'malbec', 'camera de segurança wifi']"
345,407,Kléber Gimenes,"['1693', '1694', '1695', '1696', '1697']","['39', '37', '63', '31', '18']","['moto g10 plus', 'moto g9 plus', 'cafeteira', 'camera polaroid', 'arduino']"
346,408,Rafael Ruiz,"['1698', '1699', '1700', '1701']","['36', '60', '10', '41']","['ipad', 'cacau show', 'laser', 'samsung s20 fe']"
347,410,Kléber Machado,"['1706', '1707', '1708', '1710']","['47', '25', '69', '47']","['chocolate', 's20 fe', 'barra de chocolate', 'chocolate']"
348,411,Adriano Lima,"['1711', '1714', '1715']","['31', '66', '4']","['camera polaroid', 'leite condensado', 'power supply']"
349,412,Fabiana Vaz,"['1718', '1720']","['49', '32']","['whisky', 'instax mini']"
350,413,Valdomiro de Salles Vaz,"['1723', '1725']","['8', '30']","['car battery', 'moto g9']"
351,414,Janaína Silveira,"['1727', '1728']","['41', '56']","['samsung s20 fe', 'malbec']"
352,415,Émerson Vaz,['1732'],['43'],['moto g 10']
353,416,Heloísa de Salles Falcão,"['1733', '1734', '1737', '1739']","['27', '59', '48', '4']","['camera canon', 'doces', 'cerveja', 'power supply']"
354,418,Gilmar Silveira,"['1741', '1743', '1744', '1746']","['29', '55', '54', '55']","['camera fotografica', 'mercado livre', 'vodka', 'mercado livre']"
355,420,Adriano Velho,"['1753', '1754', '1756']","['18', '18', '45']","['arduino', 'arduino', 'instax mini 11']"
356,421,Kléber Braz,['1758'],['26'],['nikon']
357,422,Nicolas Lima,"['1759', '1760']","['67', '66']","['cortina para sala', 'leite condensado']"
358,423,Isabela Velho,['1762'],['43'],['moto g 10']
359,425,Elaine Machado Machado,"['1766', '1767']","['69', '25']","['barra de chocolate', 's20 fe']"
360,426,Janaína Vargas,"['1768', '1769', '1770', '1771']","['64', '43', '31', '39']","['heineken', 'moto g 10', 'camera polaroid', 'moto g10 plus']"
361,427,Carlos Gimenes,"['1772', '1773', '1774']","['53', '29', '67']","['jack daniels', 'camera fotografica', 'cortina para sala']"
362,428,Heloísa da Cruz Assis,"['1775', '1778']","['28', '31']","['instax', 'camera polaroid']"
363,430,Valdomiro Quadros Lobo,['1782'],['44'],['camera de segurança wifi']
364,431,Poliane Vaz,"['1785', '1787']","['51', '10']","['queijo', 'laser']"
365,432,Heloísa Silveira da Cunha,"['1789', '1791']","['53', '56']","['jack daniels', 'malbec']"
366,433,Elaine Gimenes Ito,"['1792', '1793', '1794', '1795', '1796']","['62', '9', '50', '70', '56']","['carrefour', 'fluke', 'gin', 'leite ninho', 'malbec']"
367,435,Valdomiro Pedroso,['1799'],['26'],['nikon']
368,436,Carlos Farias,['1800'],['33'],['câmera fotográfica']
369,437,Rafael Gimenes,"['1802', '1803', '1805']","['38', '65', '49']","['motorola g10', 'morango', 'whisky']"
370,438,Émerson Barroso Pacheco,"['1806', '1807']","['54', '57']","['vodka', 'dolce gusto']"
371,440,Rafael Lobo,['1816'],['31'],['camera polaroid']
372,441,Nicolas Quadros Lima,"['1817', '1818', '1819']","['3', '32', '10']","['batteries', 'instax mini', 'laser']"
373,442,Nicolas Cavalcanti,"['1821', '1822', '1823', '1824']","['31', '45', '6', '46']","['camera polaroid', 'instax mini 11', 'battery charger', 'vinho']"
374,443,Adriano Vaz,"['1828', '1829', '1830', '1831']","['37', '14', '30', '35']","['moto g9 plus', 'carregador iphone', 'moto g9', 'monitor ultrawide']"
375,444,Heloísa Quadros,"['1834', '1835', '1837']","['49', '40', '50']","['whisky', 'notebook samsung i7', 'gin']"
376,445,Rafael Velho Velho,"['1838', '1839']","['52', '61']","['bebedouro', 'pasta']"
377,446,Carina Pacheco,"['1840', '1841', '1842', '1843', '1844', '1845']","['18', '67', '49', '66', '40', '7']","['arduino', 'cortina para sala', 'whisky', 'leite condensado', 'notebook samsung i7', 'trash can']"
378,447,Elaine Farias,['1847'],['43'],['moto g 10']
379,448,Taís Farias Assis,['1852'],['64'],['heineken']
380,449,Poliane Lima Lopes,"['1854', '1856']","['52', '50']","['bebedouro', 'gin']"
381,450,Valdomiro da Silva,"['1857', '1858', '1859', '1860', '1861', '1863']","['28', '15', '47', '6', '69', '20']","['instax', 'switch controller', 'chocolate', 'battery charger', 'barra de chocolate', 'led rgb']"
382,451,Fabiana de Salles Ruiz,"['1864', '1865', '1866', '1867', '1868']","['61', '37', '64', '18', '29']","['pasta', 'moto g9 plus', 'heineken', 'arduino', 'camera fotografica']"
383,453,Rafael Lobo Fraga,"['1873', '1875']","['52', '20']","['bebedouro', 'led rgb']"
384,454,Fernando Velho,"['1879', '1882', '1883']","['1', '45', '25']","['battery', 'instax mini 11', 's20 fe']"
385,455,Fernando Medeiros,"['1884', '1885', '1888']","['26', '51', '25']","['nikon', 'queijo', 's20 fe']"
386,457,Taís Machado,['1891'],['55'],['mercado livre']
387,459,Gilmar Correia Braga,"['1898', '1899', '1900']","['49', '49', '4']","['whisky', 'whisky', 'power supply']"
388,461,Nicolas Machado Nazário,"['1902', '1907']","['44', '20']","['camera de segurança wifi', 'led rgb']"
389,463,Émerson Machado Leal,"['1909', '1910']","['48', '32']","['cerveja', 'instax mini']"
390,464,Valdomiro da Cunha,"['1911', '1912']","['47', '49']","['chocolate', 'whisky']"
391,465,Nicolas Silveira,"['1914', '1915', '1917', '1918']","['28', '38', '43', '66']","['instax', 'motorola g10', 'moto g 10', 'leite condensado']"
392,466,Fernando Monteiro,['1919'],['65'],['morango']
393,468,Taís Quadros Barroso,"['1923', '1924', '1925', '1926', '1927', '1928']","['69', '45', '17', '46', '19', '43']","['barra de chocolate', 'instax mini 11', 'bateria carro', 'vinho', 'bateria de carro', 'moto g 10']"
394,469,Fabiana Fraga,"['1929', '1930', '1931', '1932', '1933']","['40', '33', '55', '26', '58']","['notebook samsung i7', 'câmera fotográfica', 'mercado livre', 'nikon', 'espumante']"
395,470,Janaína Farias Gimenes,"['1934', '1935']","['53', '43']","['jack daniels', 'moto g 10']"
396,471,Fabiana Arruda,['1936'],['70'],['leite ninho']
397,472,Elaine Machado Ruiz,['1940'],['33'],['câmera fotográfica']
398,473,Kléber Barroso,"['1941', '1942', '1943', '1944', '1945', '1946']","['12', '32', '19', '6', '28', '1']","['multimeter', 'instax mini', 'bateria de carro', 'battery charger', 'instax', 'battery']"
399,474,Heloísa Monteiro Lima,"['1948', '1950']","['12', '47']","['multimeter', 'chocolate']"
400,475,Taís Cavalcanti Simões,"['1954', '1957', '1959']","['58', '46', '16']","['espumante', 'vinho', 'fichario']"
401,477,Beatriz Farias Assis,['1967'],['10'],['laser']
402,478,Heloísa Vargas,['1971'],['67'],['cortina para sala']
403,479,Émerson Assis,"['1974', '1977']","['53', '62']","['jack daniels', 'carrefour']"
404,480,Taís Simões da Cunha,"['1978', '1979', '1982']","['38', '17', '10']","['motorola g10', 'bateria carro', 'laser']"
405,481,Fernando da Cruz,['1987'],['19'],['bateria de carro']
406,482,Heloísa Arruda,"['1993', '1994']","['5', '49']","['led lights', 'whisky']"
407,483,Nicolas Assis da Cruz,"['1995', '1996']","['40', '26']","['notebook samsung i7', 'nikon']"
408,484,Janaína Paschoal,"['1998', '1999', '2000', '2002']","['28', '46', '31', '51']","['instax', 'vinho', 'camera polaroid', 'queijo']"
409,485,Beatriz Assis,"['2003', '2004', '2005', '2006', '2007', '2008']","['61', '13', '61', '30', '31', '7']","['pasta', 'led strip', 'pasta', 'moto g9', 'camera polaroid', 'trash can']"
410,486,Kléber Arruda Cavalcanti,"['2009', '2012', '2014']","['28', '9', '67']","['instax', 'fluke', 'cortina para sala']"
411,488,Antônio Arruda Barroso,"['2017', '2019']","['65', '45']","['morango', 'instax mini 11']"
412,489,Valdomiro Monteiro,"['2023', '2024', '2025', '2026']","['52', '69', '19', '58']","['bebedouro', 'barra de chocolate', 'bateria de carro', 'espumante']"
413,490,Émerson Damasceno Falcão,['2028'],['34'],['papel de parede cinza']
414,491,Émerson Lima Vargas,['2033'],['16'],['fichario']
415,492,Rafael Nazário,['2035'],['2'],['bateria']
416,494,Janaína Falcão Carmo,"['2037', '2038', '2039']","['39', '20', '5']","['moto g10 plus', 'led rgb', 'led lights']"
417,496,Poliane Assis Damasceno,"['2041', '2043', '2044', '2045']","['6', '56', '24', '30']","['battery charger', 'malbec', 'polaroid', 'moto g9']"
418,498,Fernando Lopes Vargas,['2052'],['26'],['nikon']
419,499,Carlos Pacheco Paim,['2054'],['1'],['battery']
420,500,Heloísa Nazário Cavalcanti,"['2057', '2058', '2059', '2060', '2061', '2062', '2063']","['25', '46', '15', '60', '36', '8', '66']","['s20 fe', 'vinho', 'switch controller', 'cacau show', 'ipad', 'car battery', 'leite condensado']"
421,501,Émerson da Silva,"['2066', '2067', '2069']","['48', '3', '59']","['cerveja', 'batteries', 'doces']"
422,502,Poliane Arruda,['2073'],['55'],['mercado livre']
423,503,Émerson Paim,"['2076', '2077', '2078']","['21', '43', '12']","['camera', 'moto g 10', 'multimeter']"
424,504,Beatriz Gimenes Paschoal,"['2079', '2080', '2083']","['32', '30', '63']","['instax mini', 'moto g9', 'cafeteira']"
425,505,Gilmar Cavalcanti Correia,"['2086', '2087']","['15', '40']","['switch controller', 'notebook samsung i7']"
426,506,Nicolas da Cruz Machado,['2088'],['59'],['doces']
427,507,Émerson Carmo,"['2089', '2090', '2091']","['41', '62', '18']","['samsung s20 fe', 'carrefour', 'arduino']"
428,509,Fabiana Paim Assis,"['2094', '2095', '2098']","['69', '63', '13']","['barra de chocolate', 'cafeteira', 'led strip']"
429,511,Poliane Paschoal Lima,"['2102', '2104', '2105', '2106']","['32', '32', '36', '3']","['instax mini', 'instax mini', 'ipad', 'batteries']"
430,512,Kléber Monteiro,"['2107', '2109']","['30', '11']","['moto g9', 'kabel']"
431,513,Carlos da Cunha,['2112'],['45'],['instax mini 11']
432,514,Nicolas Assis,['2113'],['40'],['notebook samsung i7']
433,515,Janaína Leal,"['2115', '2117']","['24', '43']","['polaroid', 'moto g 10']"
434,516,Valdomiro Leal Vargas,"['2119', '2121', '2123']","['67', '66', '31']","['cortina para sala', 'leite condensado', 'camera polaroid']"
435,517,Valdomiro Lobo,"['2124', '2125', '2126', '2127', '2128', '2129', '2130']","['27', '1', '44', '35', '6', '44', '6']","['camera canon', 'battery', 'camera de segurança wifi', 'monitor ultrawide', 'battery charger', 'camera de segurança wifi', 'battery charger']"
436,518,Adriano Silveira,"['2131', '2132', '2133']","['49', '10', '29']","['whisky', 'laser', 'camera fotografica']"
437,522,Fabiana Vaz Gimenes,"['2139', '2140', '2141', '2142', '2143', '2144', '2145']","['23', '50', '34', '30', '70', '29', '54']","['moto g10', 'gin', 'papel de parede cinza', 'moto g9', 'leite ninho', 'camera fotografica', 'vodka']"
438,524,Isabela Gimenes Correia,"['2149', '2150', '2151', '2152', '2153', '2154', '2155']","['24', '40', '67', '69', '43', '17', '49']","['polaroid', 'notebook samsung i7', 'cortina para sala', 'barra de chocolate', 'moto g 10', 'bateria carro', 'whisky']"
439,525,Poliane Lobo,"['2156', '2159']","['21', '60']","['camera', 'cacau show']"
440,526,Poliane Machado Vaz,"['2160', '2161', '2162', '2163', '2164', '2165', '2166']","['18', '68', '6', '59', '60', '5', '58']","['arduino', 'açúcar', 'battery charger', 'doces', 'cacau show', 'led lights', 'espumante']"
441,527,Émerson Lima Gimenes,"['2168', '2169', '2170', '2171', '2172']","['1', '8', '66', '11', '15']","['battery', 'car battery', 'leite condensado', 'kabel', 'switch controller']"
442,528,Isabela Medeiros Lobo,['2173'],['14'],['carregador iphone']
443,530,Kléber Gimenes Silveira,"['2178', '2182']","['4', '70']","['power supply', 'leite ninho']"
444,531,Heloísa Braz Silveira,"['2184', '2185', '2186', '2187', '2188', '2189']","['38', '63', '36', '4', '48', '24']","['motorola g10', 'cafeteira', 'ipad', 'power supply', 'cerveja', 'polaroid']"
445,532,Émerson Medeiros Medeiros,"['2190', '2191']","['54', '56']","['vodka', 'malbec']"
446,534,Taís Lopes Braga,"['2199', '2200', '2201']","['24', '43', '35']","['polaroid', 'moto g 10', 'monitor ultrawide']"
447,536,Carlos Carmo da Cunha,"['2205', '2206', '2207', '2209', '2210', '2211']","['53', '3', '62', '31', '61', '66']","['jack daniels', 'batteries', 'carrefour', 'camera polaroid', 'pasta', 'leite condensado']"
448,537,Janaína Oliveira,"['2212', '2213', '2214', '2215', '2216', '2217', '2218']","['48', '63', '37', '8', '59', '9', '39']","['cerveja', 'cafeteira', 'moto g9 plus', 'car battery', 'doces', 'fluke', 'moto g10 plus']"
449,538,Isabela Silveira Assis,"['2220', '2223']","['2', '2']","['bateria', 'bateria']"
450,539,Carlos Correia Gimenes,"['2226', '2228']","['29', '27']","['camera fotografica', 'camera canon']"
451,540,Heloísa Leal,['2231'],['40'],['notebook samsung i7']
452,542,Carlos Assis,"['2241', '2242', '2243', '2244']","['56', '17', '59', '60']","['malbec', 'bateria carro', 'doces', 'cacau show']"
453,543,Gilmar Ito Braz,"['2245', '2246', '2248']","['24', '63', '34']","['polaroid', 'cafeteira', 'papel de parede cinza']"
454,544,Carlos da Cruz Braz,"['2250', '2251', '2252']","['4', '42', '6']","['power supply', 'papel de parede branco', 'battery charger']"
455,545,Rafael Leal Silveira,['2254'],['17'],['bateria carro']
456,546,Kléber Correia de Salles,"['2256', '2259', '2260']","['14', '56', '42']","['carregador iphone', 'malbec', 'papel de parede branco']"
457,547,Janaína Vaz Paschoal,"['2263', '2264']","['30', '16']","['moto g9', 'fichario']"
458,548,Nicole Quadros Carmo,"['2266', '2267', '2268', '2270', '2271']","['69', '43', '48', '59', '13']","['barra de chocolate', 'moto g 10', 'cerveja', 'doces', 'led strip']"
459,549,Carina Vargas,['2272'],['68'],['açúcar']
460,550,Valdomiro Damasceno,"['2275', '2276', '2277', '2279']","['31', '59', '28', '62']","['camera polaroid', 'doces', 'instax', 'carrefour']"
461,551,Rafael Braga Velho,"['2281', '2282', '2283']","['9', '58', '44']","['fluke', 'espumante', 'camera de segurança wifi']"
462,552,Émerson Gimenes,"['2284', '2285', '2286']","['1', '40', '8']","['battery', 'notebook samsung i7', 'car battery']"
463,553,Fernando Braz,['2291'],['39'],['moto g10 plus']
464,554,Émerson Ito,"['2294', '2296', '2297']","['56', '36', '50']","['malbec', 'ipad', 'gin']"
465,555,Fernando Simões Pedroso,"['2298', '2300', '2301']","['65', '50', '37']","['morango', 'gin', 'moto g9 plus']"
466,556,Antônio de Salles Vaz,['2302'],['26'],['nikon']
467,557,Carlos Leal de Salles,"['2303', '2304', '2305', '2306']","['10', '18', '67', '1']","['laser', 'arduino', 'cortina para sala', 'battery']"
468,558,Nicolas Paschoal,"['2307', '2308', '2309', '2310', '2312']","['48', '68', '69', '11', '11']","['cerveja', 'açúcar', 'barra de chocolate', 'kabel', 'kabel']"
469,559,Fernando Paim,"['2313', '2314', '2315', '2316', '2318']","['16', '52', '53', '4', '40']","['fichario', 'bebedouro', 'jack daniels', 'power supply', 'notebook samsung i7']"
470,560,Beatriz da Cruz,"['2319', '2320']","['29', '60']","['camera fotografica', 'cacau show']"
471,562,Kléber Silveira da Silva,"['2328', '2329', '2330', '2331', '2332', '2333']","['7', '53', '28', '34', '52', '8']","['trash can', 'jack daniels', 'instax', 'papel de parede cinza', 'bebedouro', 'car battery']"
472,563,Rafael Damasceno Quadros,['2334'],['43'],['moto g 10']
473,566,Taís Nazário,"['2344', '2345', '2346', '2347', '2349']","['34', '50', '40', '4', '22']","['papel de parede cinza', 'gin', 'notebook samsung i7', 'power supply', 'câmera']"
474,567,Kléber Braga,['2352'],['7'],['trash can']
475,568,Heloísa da Cunha,['2357'],['27'],['camera canon']
476,569,Fabiana Pedroso Oliveira,['2359'],['37'],['moto g9 plus']
477,570,Gilmar Damasceno de Salles,['2360'],['59'],['doces']
478,571,Heloísa Pacheco Ruiz,"['2361', '2362', '2363']","['23', '28', '7']","['moto g10', 'instax', 'trash can']"
479,572,Fernando Arruda Velho,"['2364', '2365']","['60', '4']","['cacau show', 'power supply']"
480,573,Taís Braga Paschoal,"['2367', '2368', '2369']","['51', '20', '17']","['queijo', 'led rgb', 'bateria carro']"
481,575,Valdomiro Gimenes Gimenes,['2371'],['20'],['led rgb']
482,577,Elaine Velho,"['2378', '2379']","['65', '36']","['morango', 'ipad']"
483,578,Kléber Pedroso Barroso,['2381'],['47'],['chocolate']
484,580,Isabela Lopes da Cunha,"['2388', '2389', '2390']","['1', '18', '42']","['battery', 'arduino', 'papel de parede branco']"
485,581,Rafael Oliveira,"['2392', '2393', '2394', '2395', '2396', '2397']","['42', '52', '54', '38', '54', '43']","['papel de parede branco', 'bebedouro', 'vodka', 'motorola g10', 'vodka', 'moto g 10']"
486,583,Carlos Monteiro,['2401'],['9'],['fluke']
487,584,Carina Leal,['2404'],['51'],['queijo']
488,585,Rafael da Cunha Gimenes,"['2405', '2406']","['18', '14']","['arduino', 'carregador iphone']"
489,586,Nicolas Gimenes Machado,"['2412', '2413', '2416', '2417']","['19', '11', '31', '24']","['bateria de carro', 'kabel', 'camera polaroid', 'polaroid']"
490,587,Kléber Fraga,"['2418', '2419', '2420', '2421', '2422', '2423']","['62', '41', '28', '23', '50', '46']","['carrefour', 'samsung s20 fe', 'instax', 'moto g10', 'gin', 'vinho']"
491,588,Poliane da Silva,"['2424', '2425', '2426', '2427', '2429', '2430']","['35', '34', '15', '36', '1', '11']","['monitor ultrawide', 'papel de parede cinza', 'switch controller', 'ipad', 'battery', 'kabel']"
492,589,Carlos Paim Ito,"['2431', '2432', '2433', '2434']","['65', '51', '63', '47']","['morango', 'queijo', 'cafeteira', 'chocolate']"
493,590,Gilmar Gimenes,"['2435', '2436', '2437', '2439']","['65', '30', '12', '57']","['morango', 'moto g9', 'multimeter', 'dolce gusto']"
494,591,Kléber Vaz Damasceno,"['2440', '2443']","['33', '32']","['câmera fotográfica', 'instax mini']"
495,592,Beatriz Gimenes da Silva,"['2444', '2445', '2446', '2448']","['20', '17', '47', '40']","['led rgb', 'bateria carro', 'chocolate', 'notebook samsung i7']"
496,593,Isabela Vaz da Cruz,"['2449', '2450', '2451', '2452', '2453', '2454', '2455']","['40', '25', '70', '1', '63', '1', '63']","['notebook samsung i7', 's20 fe', 'leite ninho', 'battery', 'cafeteira', 'battery', 'cafeteira']"
497,594,Kléber Lima,"['2456', '2458']","['8', '5']","['car battery', 'led lights']"
498,595,Antônio Vaz Velho,"['2459', '2460', '2461', '2462']","['69', '2', '9', '9']","['barra de chocolate', 'bateria', 'fluke', 'fluke']"
499,597,Isabela Gimenes Correia,['2469'],['3'],['batteries']
500,600,Kléber Lobo Paschoal,"['2472', '2473', '2474', '2475']","['44', '30', '20', '64']","['camera de segurança wifi', 'moto g9', 'led rgb', 'heineken']"
501,601,Heloísa Carmo,['2476'],['28'],['instax']
502,602,Kléber Monteiro,['2477'],['54'],['vodka']
503,603,Rafael Correia,"['2478', '2479', '2480', '2481']","['29', '70', '28', '55']","['camera fotografica', 'leite ninho', 'instax', 'mercado livre']"
504,605,Carina Pacheco Correia,"['2487', '2488', '2489', '2490']","['65', '42', '11', '33']","['morango', 'papel de parede branco', 'kabel', 'câmera fotográfica']"
505,606,Carina Monteiro,"['2491', '2492', '2493', '2494', '2495', '2496', '2497']","['3', '7', '30', '27', '41', '5', '63']","['batteries', 'trash can', 'moto g9', 'camera canon', 'samsung s20 fe', 'led lights', 'cafeteira']"
506,607,Poliane Machado Braga,"['2498', '2502', '2503', '2504']","['19', '68', '31', '32']","['bateria de carro', 'açúcar', 'camera polaroid', 'instax mini']"
507,608,Carlos Paim,"['2505', '2506']","['60', '34']","['cacau show', 'papel de parede cinza']"
508,609,Carina Gimenes,['2513'],['11'],['kabel']
509,610,Carlos Braga Barroso,"['2514', '2515', '2517']","['28', '26', '13']","['instax', 'nikon', 'led strip']"
510,612,Carina Carmo,"['2520', '2521', '2522', '2523']","['41', '52', '56', '30']","['samsung s20 fe', 'bebedouro', 'malbec', 'moto g9']"
511,613,Isabela Lobo,"['2524', '2525', '2526', '2527', '2528']","['17', '48', '53', '7', '21']","['bateria carro', 'cerveja', 'jack daniels', 'trash can', 'camera']"
512,614,Antônio Gimenes,"['2529', '2530', '2531', '2532', '2533', '2534']","['41', '32', '23', '62', '31', '33']","['samsung s20 fe', 'instax mini', 'moto g10', 'carrefour', 'camera polaroid', 'câmera fotográfica']"
513,615,Heloísa Simões Ito,['2535'],['12'],['multimeter']
514,616,Valdomiro Carmo Arruda,['2545'],['34'],['papel de parede cinza']
515,617,Beatriz Silveira,"['2548', '2550']","['48', '15']","['cerveja', 'switch controller']"
516,619,Isabela Monteiro Fraga,"['2556', '2557', '2558', '2559']","['66', '23', '10', '9']","['leite condensado', 'moto g10', 'laser', 'fluke']"
517,620,Gilmar Quadros,"['2560', '2561', '2562', '2563', '2564', '2565']","['16', '30', '51', '41', '64', '34']","['fichario', 'moto g9', 'queijo', 'samsung s20 fe', 'heineken', 'papel de parede cinza']"
518,621,Fernando Lima,"['2566', '2567', '2568', '2569', '2570']","['49', '69', '29', '22', '3']","['whisky', 'barra de chocolate', 'camera fotografica', 'câmera', 'batteries']"
519,622,Poliane Medeiros Monteiro,"['2571', '2572']","['23', '25']","['moto g10', 's20 fe']"
520,623,Carlos Oliveira,"['2573', '2574', '2575', '2576', '2577', '2578']","['24', '2', '50', '41', '29', '22']","['polaroid', 'bateria', 'gin', 'samsung s20 fe', 'camera fotografica', 'câmera']"
521,624,Fabiana da Cruz,"['2579', '2580', '2581', '2583', '2584', '2585']","['29', '42', '31', '21', '70', '50']","['camera fotografica', 'papel de parede branco', 'camera polaroid', 'camera', 'leite ninho', 'gin']"
522,625,Elaine Ruiz Fraga,"['2586', '2587']","['59', '20']","['doces', 'led rgb']"
523,626,Elaine Monteiro da Cunha,"['2590', '2591']","['63', '16']","['cafeteira', 'fichario']"
524,630,Antônio Braz,"['2595', '2596', '2597', '2598']","['64', '49', '34', '44']","['heineken', 'whisky', 'papel de parede cinza', 'camera de segurança wifi']"
525,631,Heloísa Paschoal,"['2599', '2602']","['67', '24']","['cortina para sala', 'polaroid']"
526,632,Rafael Quadros,"['2604', '2605']","['47', '11']","['chocolate', 'kabel']"
527,633,Elaine Farias,"['2607', '2608', '2609', '2610', '2611', '2612']","['14', '18', '58', '61', '41', '48']","['carregador iphone', 'arduino', 'espumante', 'pasta', 'samsung s20 fe', 'cerveja']"
528,634,Fabiana Simões Quadros,"['2613', '2614', '2615', '2616']","['68', '27', '69', '46']","['açúcar', 'camera canon', 'barra de chocolate', 'vinho']"
529,636,Elaine Vargas,"['2623', '2625', '2626']","['51', '9', '5']","['queijo', 'fluke', 'led lights']"
530,637,Valdomiro Correia,"['2628', '2629', '2631', '2632', '2633']","['57', '68', '70', '55', '37']","['dolce gusto', 'açúcar', 'leite ninho', 'mercado livre', 'moto g9 plus']"
531,638,Isabela Cavalcanti,"['2634', '2636', '2637']","['19', '46', '62']","['bateria de carro', 'vinho', 'carrefour']"
532,640,Carlos Simões Quadros,"['2643', '2644', '2646']","['51', '40', '55']","['queijo', 'notebook samsung i7', 'mercado livre']"
533,641,Elaine Correia,"['2647', '2650']","['59', '58']","['doces', 'espumante']"
534,642,Nicole Oliveira Lima,['2652'],['59'],['doces']
535,644,Antônio Lobo,['2656'],['32'],['instax mini']
536,645,Nicole de Salles Machado,"['2658', '2659', '2660']","['12', '43', '35']","['multimeter', 'moto g 10', 'monitor ultrawide']"
537,647,Antônio Machado,['2665'],['32'],['instax mini']
538,649,Valdomiro Machado,"['2669', '2670', '2671', '2672', '2673']","['14', '65', '33', '31', '51']","['carregador iphone', 'morango', 'câmera fotográfica', 'camera polaroid', 'queijo']"
539,650,Nicolas Quadros Assis,"['2674', '2675', '2676']","['38', '31', '58']","['motorola g10', 'camera polaroid', 'espumante']"
540,651,Isabela Ruiz Correia,"['2683', '2685']","['35', '20']","['monitor ultrawide', 'led rgb']"
541,652,Nicolas Paschoal Pacheco,['2687'],['28'],['instax']
542,653,Valdomiro Lima Pacheco,"['2688', '2689', '2690', '2691', '2692', '2693', '2694']","['66', '25', '19', '16', '65', '38', '22']","['leite condensado', 's20 fe', 'bateria de carro', 'fichario', 'morango', 'motorola g10', 'câmera']"
543,654,Nicolas Machado Pacheco,['2696'],['70'],['leite ninho']
544,655,Kléber Arruda Oliveira,"['2697', '2698', '2699', '2700', '2701', '2702']","['70', '20', '27', '25', '49', '33']","['leite ninho', 'led rgb', 'camera canon', 's20 fe', 'whisky', 'câmera fotográfica']"
545,657,Gilmar Machado Silveira,"['2708', '2709', '2710', '2711', '2712']","['10', '54', '31', '37', '17']","['laser', 'vodka', 'camera polaroid', 'moto g9 plus', 'bateria carro']"
546,659,Heloísa da Cruz Gimenes,"['2718', '2720', '2721', '2722', '2723']","['6', '57', '43', '53', '27']","['battery charger', 'dolce gusto', 'moto g 10', 'jack daniels', 'camera canon']"
547,660,Rafael da Cruz,['2726'],['23'],['moto g10']
548,661,Valdomiro Braz,"['2730', '2734', '2736']","['35', '68', '62']","['monitor ultrawide', 'açúcar', 'carrefour']"
549,662,Nicole Vargas Pacheco,"['2737', '2738', '2739', '2740', '2741', '2742', '2743']","['38', '2', '39', '58', '59', '40', '17']","['motorola g10', 'bateria', 'moto g10 plus', 'espumante', 'doces', 'notebook samsung i7', 'bateria carro']"
550,663,Fabiana Monteiro Barroso,"['2744', '2745', '2746', '2747']","['62', '29', '9', '12']","['carrefour', 'camera fotografica', 'fluke', 'multimeter']"
551,664,Kléber Lobo Pacheco,['2748'],['48'],['cerveja']
552,665,Fabiana Barroso Machado,"['2749', '2750']","['33', '34']","['câmera fotográfica', 'papel de parede cinza']"
553,666,Carina Pacheco Gimenes,['2754'],['18'],['arduino']
554,667,Rafael Velho,['2756'],['66'],['leite condensado']
555,668,Isabela Lima Monteiro,"['2757', '2758', '2759']","['61', '48', '23']","['pasta', 'cerveja', 'moto g10']"
556,669,Heloísa Nazário da Cunha,['2761'],['33'],['câmera fotográfica']
557,670,Nicole Gimenes Braz,"['2763', '2764', '2765', '2766', '2767', '2768']","['62', '15', '61', '1', '18', '30']","['carrefour', 'switch controller', 'pasta', 'battery', 'arduino', 'moto g9']"
558,671,Adriano Farias Machado,"['2770', '2771']","['31', '34']","['camera polaroid', 'papel de parede cinza']"
559,672,Adriano Leal Ito,"['2772', '2773', '2775']","['6', '1', '42']","['battery charger', 'battery', 'papel de parede branco']"
560,673,Nicole Oliveira,"['2778', '2779', '2780', '2782']","['45', '32', '41', '20']","['instax mini 11', 'instax mini', 'samsung s20 fe', 'led rgb']"
561,674,Émerson Farias Fraga,['2787'],['52'],['bebedouro']
562,676,Kléber Paschoal,['2789'],['61'],['pasta']
563,677,Isabela Velho,"['2790', '2792', '2793', '2794', '2795', '2796']","['69', '68', '28', '22', '22', '67']","['barra de chocolate', 'açúcar', 'instax', 'câmera', 'câmera', 'cortina para sala']"
564,678,Émerson Quadros Correia,"['2797', '2798', '2799', '2800']","['69', '68', '61', '31']","['barra de chocolate', 'açúcar', 'pasta', 'camera polaroid']"
565,680,Émerson Oliveira Lima,"['2803', '2804', '2805', '2806', '2807']","['51', '35', '31', '46', '41']","['queijo', 'monitor ultrawide', 'camera polaroid', 'vinho', 'samsung s20 fe']"
566,681,Carina Braga,['2808'],['45'],['instax mini 11']
567,683,Fernando Nazário Gimenes,"['2816', '2817', '2818', '2819']","['51', '57', '21', '19']","['queijo', 'dolce gusto', 'camera', 'bateria de carro']"
568,684,Heloísa da Silva Quadros,['2822'],['39'],['moto g10 plus']
569,685,Carlos Falcão de Salles,"['2824', '2825', '2826', '2827', '2828', '2829']","['37', '26', '31', '40', '63', '7']","['moto g9 plus', 'nikon', 'camera polaroid', 'notebook samsung i7', 'cafeteira', 'trash can']"
570,687,Kléber Farias Arruda,"['2832', '2833']","['16', '65']","['fichario', 'morango']"
571,688,Rafael Leal,"['2834', '2835', '2836', '2837', '2838']","['49', '25', '9', '62', '33']","['whisky', 's20 fe', 'fluke', 'carrefour', 'câmera fotográfica']"
572,690,Carlos Vargas,['2842'],['57'],['dolce gusto']
573,691,Heloísa Correia,"['2843', '2844']","['9', '28']","['fluke', 'instax']"
574,692,Taís da Cruz da Cunha,"['2845', '2846', '2847', '2848', '2849', '2850']","['57', '31', '62', '22', '25', '37']","['dolce gusto', 'camera polaroid', 'carrefour', 'câmera', 's20 fe', 'moto g9 plus']"
575,693,Rafael Ito Cavalcanti,"['2851', '2852']","['10', '29']","['laser', 'camera fotografica']"
576,694,Valdomiro Carmo Silveira,"['2853', '2854']","['40', '40']","['notebook samsung i7', 'notebook samsung i7']"
577,695,Poliane Velho Leal,"['2859', '2860', '2861', '2862']","['17', '22', '68', '39']","['bateria carro', 'câmera', 'açúcar', 'moto g10 plus']"
578,696,Taís Silveira,"['2864', '2865', '2866', '2867']","['34', '47', '39', '14']","['papel de parede cinza', 'chocolate', 'moto g10 plus', 'carregador iphone']"
579,697,Rafael da Silva Ito,"['2868', '2869', '2870', '2871']","['57', '48', '40', '38']","['dolce gusto', 'cerveja', 'notebook samsung i7', 'motorola g10']"
580,698,Fernando Vaz,"['2872', '2873']","['11', '10']","['kabel', 'laser']"
581,699,Heloísa Braz,"['2876', '2877', '2879', '2880', '2881']","['41', '27', '7', '12', '26']","['samsung s20 fe', 'camera canon', 'trash can', 'multimeter', 'nikon']"
582,700,Taís Assis Carmo,"['2883', '2884', '2885']","['5', '57', '69']","['led lights', 'dolce gusto', 'barra de chocolate']"
583,701,Poliane Machado,['2889'],['10'],['laser']
584,703,Gilmar Barroso Medeiros,"['2897', '2898']","['61', '67']","['pasta', 'cortina para sala']"
585,704,Isabela Gimenes,"['2899', '2900', '2902', '2903']","['34', '2', '13', '52']","['papel de parede cinza', 'bateria', 'led strip', 'bebedouro']"
586,707,Heloísa Arruda da Cruz,"['2912', '2913', '2914', '2915']","['59', '18', '50', '60']","['doces', 'arduino', 'gin', 'cacau show']"
587,708,Isabela Medeiros,['2916'],['43'],['moto g 10']
588,709,Fernando Gimenes Correia,"['2917', '2918', '2919', '2920', '2921']","['7', '30', '30', '1', '15']","['trash can', 'moto g9', 'moto g9', 'battery', 'switch controller']"
589,711,Fabiana Carmo Assis,"['2924', '2925', '2926', '2927', '2928']","['67', '6', '50', '36', '43']","['cortina para sala', 'battery charger', 'gin', 'ipad', 'moto g 10']"
590,713,Heloísa Gimenes,['2934'],['69'],['barra de chocolate']
591,714,Adriano Farias Machado,"['2936', '2937', '2938', '2939']","['59', '60', '19', '33']","['doces', 'cacau show', 'bateria de carro', 'câmera fotográfica']"
592,715,Valdomiro Paim,"['2941', '2943', '2944']","['57', '57', '64']","['dolce gusto', 'dolce gusto', 'heineken']"
593,716,Carina Carmo Ruiz,"['2945', '2946', '2948', '2950']","['52', '64', '1', '48']","['bebedouro', 'heineken', 'battery', 'cerveja']"
594,717,Adriano da Silva,['2951'],['56'],['malbec']
595,718,Nicole Damasceno de Salles,"['2952', '2953']","['7', '52']","['trash can', 'bebedouro']"
596,719,Carlos de Salles,"['2955', '2956', '2957', '2958', '2959']","['50', '48', '10', '54', '15']","['gin', 'cerveja', 'laser', 'vodka', 'switch controller']"
597,720,Nicole Ruiz,"['2961', '2962', '2964', '2965', '2966', '2967']","['46', '36', '61', '55', '30', '40']","['vinho', 'ipad', 'pasta', 'mercado livre', 'moto g9', 'notebook samsung i7']"
598,721,Fernando Lopes Oliveira,['2968'],['5'],['led lights']
599,723,Carlos Ruiz de Salles,"['2976', '2977']","['41', '14']","['samsung s20 fe', 'carregador iphone']"
600,725,Antônio Falcão Gimenes,"['2979', '2980']","['32', '53']","['instax mini', 'jack daniels']"
601,727,Isabela Ruiz Vargas,['2986'],['47'],['chocolate']
602,728,Isabela Vaz,['2992'],['14'],['carregador iphone']
603,729,Nicole Gimenes Carmo,"['2995', '2996', '2997', '2998', '2999']","['48', '26', '2', '5', '50']","['cerveja', 'nikon', 'bateria', 'led lights', 'gin']"
604,730,Fabiana Lobo Paschoal,['3000'],['44'],['camera de segurança wifi']
605,731,Beatriz Ito,"['3003', '3004', '3006']","['25', '39', '7']","['s20 fe', 'moto g10 plus', 'trash can']"
606,732,Nicolas da Cunha Lima,['3009'],['13'],['led strip']
607,733,Carina Quadros,"['3013', '3016']","['51', '51']","['queijo', 'queijo']"
608,734,Nicolas Velho Silveira,"['3017', '3019', '3020', '3021']","['42', '61', '63', '1']","['papel de parede branco', 'pasta', 'cafeteira', 'battery']"
609,735,Beatriz Lobo Assis,"['3022', '3023', '3024', '3025']","['33', '1', '45', '69']","['câmera fotográfica', 'battery', 'instax mini 11', 'barra de chocolate']"
610,737,Antônio Nazário Farias,"['3027', '3028', '3029']","['70', '27', '15']","['leite ninho', 'camera canon', 'switch controller']"
611,739,Nicolas da Silva Pacheco,"['3032', '3033']","['28', '68']","['instax', 'açúcar']"
612,740,Rafael Lobo Cavalcanti,"['3034', '3035']","['23', '69']","['moto g10', 'barra de chocolate']"
613,741,Poliane Oliveira Assis,"['3036', '3037', '3038', '3040', '3041']","['8', '52', '44', '6', '34']","['car battery', 'bebedouro', 'camera de segurança wifi', 'battery charger', 'papel de parede cinza']"
614,742,Elaine Fraga Ito,['3043'],['11'],['kabel']
615,743,Gilmar Medeiros,"['3046', '3047']","['26', '30']","['nikon', 'moto g9']"
616,744,Gilmar Vargas Farias,['3048'],['53'],['jack daniels']
617,745,Nicolas Barroso,"['3049', '3050', '3051', '3052', '3053', '3054']","['1', '60', '66', '36', '4', '49']","['battery', 'cacau show', 'leite condensado', 'ipad', 'power supply', 'whisky']"
618,746,Émerson Ruiz Braga,"['3055', '3056', '3057']","['55', '31', '41']","['mercado livre', 'camera polaroid', 'samsung s20 fe']"
619,747,Janaína Velho Braz,"['3059', '3060', '3062', '3063']","['26', '45', '28', '45']","['nikon', 'instax mini 11', 'instax', 'instax mini 11']"
620,748,Adriano Monteiro Assis,['3066'],['61'],['pasta']
621,749,Isabela Ito Correia,"['3068', '3069', '3074']","['41', '61', '36']","['samsung s20 fe', 'pasta', 'ipad']"
622,752,Taís Arruda,"['3078', '3079']","['62', '34']","['carrefour', 'papel de parede cinza']"
623,753,Taís Oliveira Lima,['3080'],['48'],['cerveja']
624,754,Beatriz Braz Cavalcanti,"['3081', '3082', '3083', '3084']","['33', '30', '18', '28']","['câmera fotográfica', 'moto g9', 'arduino', 'instax']"
625,757,Fabiana Machado,"['3089', '3090', '3091', '3092', '3093', '3094', '3095']","['44', '32', '28', '40', '29', '46', '58']","['camera de segurança wifi', 'instax mini', 'instax', 'notebook samsung i7', 'camera fotografica', 'vinho', 'espumante']"
626,759,Gilmar Silveira,"['3098', '3099']","['41', '65']","['samsung s20 fe', 'morango']"
627,760,Poliane Velho Barroso,"['3101', '3103']","['13', '35']","['led strip', 'monitor ultrawide']"
628,762,Carina Quadros Vargas,['3109'],['66'],['leite condensado']
629,763,Isabela Farias,"['3111', '3113']","['21', '35']","['camera', 'monitor ultrawide']"
630,764,Janaína Quadros Oliveira,"['3114', '3116', '3117', '3118', '3119']","['3', '24', '12', '65', '3']","['batteries', 'polaroid', 'multimeter', 'morango', 'batteries']"
631,765,Beatriz Medeiros Nazário,"['3121', '3124', '3126', '3127']","['54', '13', '53', '66']","['vodka', 'led strip', 'jack daniels', 'leite condensado']"
632,766,Elaine de Salles,"['3129', '3130']","['43', '48']","['moto g 10', 'cerveja']"
633,767,Carlos da Cruz,['3132'],['51'],['queijo']
634,768,Adriano Quadros Fraga,"['3134', '3135', '3136', '3137']","['5', '66', '8', '64']","['led lights', 'leite condensado', 'car battery', 'heineken']"
635,769,Adriano Vaz Vargas,"['3138', '3140', '3141']","['42', '30', '49']","['papel de parede branco', 'moto g9', 'whisky']"
636,770,Fernando Cavalcanti,"['3142', '3143', '3144']","['20', '42', '21']","['led rgb', 'papel de parede branco', 'camera']"
637,771,Isabela Lopes Monteiro,['3149'],['57'],['dolce gusto']
638,775,Kléber de Salles Leal,"['3155', '3156', '3157', '3158', '3159']","['63', '37', '58', '36', '2']","['cafeteira', 'moto g9 plus', 'espumante', 'ipad', 'bateria']"
639,776,Nicole Simões Lopes,['3166'],['56'],['malbec']
640,778,Émerson Nazário,"['3168', '3169', '3170', '3171', '3172', '3174']","['33', '3', '12', '42', '64', '61']","['câmera fotográfica', 'batteries', 'multimeter', 'papel de parede branco', 'heineken', 'pasta']"
641,779,Kléber Lopes Lima,"['3175', '3177', '3179']","['2', '28', '7']","['bateria', 'instax', 'trash can']"
642,780,Fabiana Silveira Paim,['3182'],['47'],['chocolate']
643,781,Isabela Damasceno,"['3183', '3184', '3186', '3188']","['1', '70', '50', '10']","['battery', 'leite ninho', 'gin', 'laser']"
644,782,Émerson Oliveira Assis,"['3191', '3194', '3195']","['13', '67', '17']","['led strip', 'cortina para sala', 'bateria carro']"
645,784,Adriano Lobo Braz,"['3200', '3203', '3204', '3205', '3206']","['1', '53', '7', '54', '37']","['battery', 'jack daniels', 'trash can', 'vodka', 'moto g9 plus']"
646,785,Fernando Gimenes Falcão,"['3207', '3208', '3209', '3211']","['57', '57', '47', '9']","['dolce gusto', 'dolce gusto', 'chocolate', 'fluke']"
647,786,Rafael Paim Lima,"['3214', '3215']","['40', '36']","['notebook samsung i7', 'ipad']"
648,787,Fernando Vargas,"['3218', '3219']","['66', '28']","['leite condensado', 'instax']"
649,788,Fernando Barroso,"['3220', '3221', '3222', '3223']","['66', '1', '47', '23']","['leite condensado', 'battery', 'chocolate', 'moto g10']"
650,789,Gilmar Assis Braz,['3224'],['43'],['moto g 10']
651,791,Nicole Falcão Damasceno,['3230'],['35'],['monitor ultrawide']
652,792,Isabela da Silva,"['3232', '3233', '3234', '3235', '3236']","['12', '50', '68', '40', '22']","['multimeter', 'gin', 'açúcar', 'notebook samsung i7', 'câmera']"
653,793,Fabiana Gimenes Paschoal,"['3237', '3238', '3239']","['26', '65', '9']","['nikon', 'morango', 'fluke']"
654,795,Fabiana Gimenes,['3246'],['14'],['carregador iphone']
655,796,Beatriz Arruda,"['3247', '3248', '3249', '3251']","['21', '22', '21', '39']","['camera', 'câmera', 'camera', 'moto g10 plus']"
656,798,Carina Leal Pacheco,"['3256', '3257', '3258', '3259']","['7', '57', '29', '35']","['trash can', 'dolce gusto', 'camera fotografica', 'monitor ultrawide']"
657,799,Kléber Falcão,"['3261', '3262', '3263']","['27', '47', '37']","['camera canon', 'chocolate', 'moto g9 plus']"
658,800,Beatriz Paschoal Pedroso,['3264'],['38'],['motorola g10']
659,801,Fernando Assis,"['3265', '3266']","['18', '70']","['arduino', 'leite ninho']"
660,802,Valdomiro Lima,"['3271', '3272', '3273', '3275', '3276']","['43', '27', '44', '62', '29']","['moto g 10', 'camera canon', 'camera de segurança wifi', 'carrefour', 'camera fotografica']"
661,803,Rafael Arruda,"['3278', '3279', '3280', '3281']","['69', '58', '69', '47']","['barra de chocolate', 'espumante', 'barra de chocolate', 'chocolate']"
662,804,Émerson Fraga,"['3283', '3284']","['41', '30']","['samsung s20 fe', 'moto g9']"
663,806,Kléber Paim,['3289'],['14'],['carregador iphone']
664,807,Elaine Gimenes Quadros,['3290'],['27'],['camera canon']
665,808,Janaína Pacheco Damasceno,"['3292', '3294']","['7', '57']","['trash can', 'dolce gusto']"
666,809,Valdomiro Machado da Silva,['3297'],['36'],['ipad']
667,810,Isabela Cavalcanti Paschoal,['3301'],['25'],['s20 fe']
668,812,Taís Arruda Damasceno,['3311'],['28'],['instax']
669,813,Émerson Vargas,"['3314', '3315', '3316', '3317', '3318']","['27', '41', '46', '16', '27']","['camera canon', 'samsung s20 fe', 'vinho', 'fichario', 'camera canon']"
670,814,Nicole da Cruz Paim,"['3319', '3320', '3321']","['61', '40', '70']","['pasta', 'notebook samsung i7', 'leite ninho']"
671,815,Isabela Leal Pedroso,"['3323', '3324', '3325']","['9', '42', '7']","['fluke', 'papel de parede branco', 'trash can']"
672,817,Carina Pedroso,['3330'],['61'],['pasta']
673,818,Beatriz Ruiz,['3337'],['49'],['whisky']
674,819,Poliane Vaz,['3338'],['1'],['battery']
675,820,Isabela Paschoal,['3340'],['6'],['battery charger']
676,821,Nicole da Cunha,['3343'],['44'],['camera de segurança wifi']
677,822,Rafael Leal Ito,"['3348', '3349', '3350', '3351', '3352']","['16', '34', '43', '14', '52']","['fichario', 'papel de parede cinza', 'moto g 10', 'carregador iphone', 'bebedouro']"
678,823,Valdomiro Carmo Simões,"['3353', '3355', '3356', '3357']","['54', '47', '7', '41']","['vodka', 'chocolate', 'trash can', 'samsung s20 fe']"
679,824,Rafael Monteiro Paim,['3358'],['9'],['fluke']
680,825,Nicolas Cavalcanti Paschoal,"['3359', '3360', '3363']","['20', '12', '47']","['led rgb', 'multimeter', 'chocolate']"
681,827,Heloísa Vaz,['3373'],['65'],['morango']
682,829,Rafael Ruiz Pedroso,"['3382', '3383']","['68', '55']","['açúcar', 'mercado livre']"
683,830,Janaína Pedroso Arruda,"['3384', '3385', '3387', '3390']","['55', '10', '63', '50']","['mercado livre', 'laser', 'cafeteira', 'gin']"
684,831,Elaine Nazário,['3392'],['5'],['led lights']
685,832,Kléber Paschoal,"['3396', '3397']","['24', '28']","['polaroid', 'instax']"
686,833,Nicolas Assis,"['3399', '3402']","['55', '38']","['mercado livre', 'motorola g10']"
687,834,Adriano de Salles Pacheco,"['3404', '3405']","['50', '5']","['gin', 'led lights']"
688,835,Heloísa Barroso,"['3407', '3408', '3412']","['25', '21', '55']","['s20 fe', 'camera', 'mercado livre']"
689,836,Nicolas da Cunha Silveira,"['3413', '3415']","['27', '51']","['camera canon', 'queijo']"
690,837,Nicolas Pedroso,"['3419', '3420']","['16', '51']","['fichario', 'queijo']"
691,838,Fernando Fraga Lobo,"['3421', '3423', '3424']","['23', '28', '62']","['moto g10', 'instax', 'carrefour']"
692,839,Kléber Silveira,['3425'],['35'],['monitor ultrawide']
693,840,Rafael Pedroso Braz,"['3427', '3429', '3430', '3431']","['2', '41', '5', '13']","['bateria', 'samsung s20 fe', 'led lights', 'led strip']"
694,841,Adriano Fraga Lopes,['3433'],['70'],['leite ninho']
695,842,Isabela Lopes,"['3434', '3435', '3436']","['9', '1', '4']","['fluke', 'battery', 'power supply']"
696,843,Émerson Simões Braga,['3438'],['57'],['dolce gusto']
697,846,Nicole Vaz Paschoal,"['3443', '3444', '3445', '3446', '3447', '3448', '3449']","['17', '24', '8', '49', '18', '37', '49']","['bateria carro', 'polaroid', 'car battery', 'whisky', 'arduino', 'moto g9 plus', 'whisky']"
698,849,Antônio Silveira,"['3453', '3454', '3455', '3456']","['59', '24', '12', '29']","['doces', 'polaroid', 'multimeter', 'camera fotografica']"
699,851,Gilmar Ito Ito,"['3460', '3461', '3463']","['28', '32', '24']","['instax', 'instax mini', 'polaroid']"
700,852,Fernando Lobo Silveira,"['3467', '3468']","['67', '52']","['cortina para sala', 'bebedouro']"
701,853,Elaine Lopes,"['3471', '3472', '3473', '3474', '3475', '3476']","['23', '30', '9', '11', '60', '13']","['moto g10', 'moto g9', 'fluke', 'kabel', 'cacau show', 'led strip']"
702,854,Kléber Quadros,['3478'],['43'],['moto g 10']
703,855,Taís Monteiro Carmo,"['3479', '3480', '3482', '3483', '3484', '3485']","['27', '7', '14', '58', '62', '36']","['camera canon', 'trash can', 'carregador iphone', 'espumante', 'carrefour', 'ipad']"
704,857,Poliane Damasceno,"['3487', '3488', '3489', '3490', '3491', '3493']","['4', '66', '4', '41', '58', '48']","['power supply', 'leite condensado', 'power supply', 'samsung s20 fe', 'espumante', 'cerveja']"
705,859,Elaine Nazário da Cunha,['3498'],['53'],['jack daniels']
706,861,Poliane Fraga Lobo,"['3501', '3502']","['31', '51']","['camera polaroid', 'queijo']"
707,862,Émerson Vargas Cavalcanti,"['3504', '3505']","['43', '24']","['moto g 10', 'polaroid']"
708,863,Adriano Pedroso Barroso,"['3506', '3507', '3508', '3509', '3510', '3511']","['9', '22', '10', '63', '55', '31']","['fluke', 'câmera', 'laser', 'cafeteira', 'mercado livre', 'camera polaroid']"
709,864,Rafael Oliveira,"['3512', '3513', '3514', '3515']","['19', '20', '63', '48']","['bateria de carro', 'led rgb', 'cafeteira', 'cerveja']"
710,865,Janaína Paschoal,['3516'],['1'],['battery']
711,866,Kléber Leal,"['3520', '3521']","['34', '66']","['papel de parede cinza', 'leite condensado']"
712,867,Carlos Medeiros Falcão,['3524'],['47'],['chocolate']
713,869,Poliane Lobo Pedroso,"['3532', '3534', '3535']","['3', '22', '11']","['batteries', 'câmera', 'kabel']"
714,870,Nicolas Pacheco,"['3538', '3539', '3540']","['27', '25', '39']","['camera canon', 's20 fe', 'moto g10 plus']"
715,871,Adriano Arruda,"['3541', '3543', '3544', '3545']","['42', '27', '57', '60']","['papel de parede branco', 'camera canon', 'dolce gusto', 'cacau show']"
716,872,Heloísa Barroso Gimenes,"['3546', '3547', '3548', '3549', '3550', '3551', '3552']","['6', '1', '5', '12', '69', '49', '42']","['battery charger', 'battery', 'led lights', 'multimeter', 'barra de chocolate', 'whisky', 'papel de parede branco']"
717,873,Gilmar Vargas,['3555'],['15'],['switch controller']
718,874,Beatriz Paschoal,"['3560', '3563', '3564']","['25', '15', '56']","['s20 fe', 'switch controller', 'malbec']"
719,875,Kléber Quadros,"['3565', '3566', '3567', '3568', '3569']","['57', '42', '61', '11', '40']","['dolce gusto', 'papel de parede branco', 'pasta', 'kabel', 'notebook samsung i7']"
720,877,Gilmar da Cruz,['3578'],['58'],['espumante']
721,878,Valdomiro Quadros Cavalcanti,['3580'],['50'],['gin']
722,879,Carina Machado,"['3581', '3583']","['37', '22']","['moto g9 plus', 'câmera']"
723,880,Nicole Gimenes Braga,['3590'],['61'],['pasta']
724,881,Fernando Falcão Ito,"['3591', '3592', '3593']","['29', '54', '60']","['camera fotografica', 'vodka', 'cacau show']"
725,882,Nicolas Falcão Damasceno,"['3594', '3595', '3596', '3597', '3598', '3600']","['17', '38', '31', '42', '6', '39']","['bateria carro', 'motorola g10', 'camera polaroid', 'papel de parede branco', 'battery charger', 'moto g10 plus']"
726,884,Adriano Vargas,"['3603', '3604']","['31', '52']","['camera polaroid', 'bebedouro']"
727,885,Antônio Velho,['3606'],['40'],['notebook samsung i7']
728,886,Taís Paschoal,"['3610', '3611', '3612', '3613']","['66', '37', '58', '58']","['leite condensado', 'moto g9 plus', 'espumante', 'espumante']"
729,887,Nicole Ruiz Barroso,"['3614', '3615', '3616', '3618', '3619']","['36', '5', '66', '62', '49']","['ipad', 'led lights', 'leite condensado', 'carrefour', 'whisky']"
730,889,Gilmar Machado Cavalcanti,"['3623', '3624', '3625', '3626']","['70', '57', '55', '33']","['leite ninho', 'dolce gusto', 'mercado livre', 'câmera fotográfica']"
731,890,Rafael Cavalcanti,"['3627', '3629']","['23', '66']","['moto g10', 'leite condensado']"
732,891,Fabiana Assis,['3630'],['48'],['cerveja']
733,892,Antônio Quadros,"['3632', '3634', '3635', '3636']","['70', '68', '70', '62']","['leite ninho', 'açúcar', 'leite ninho', 'carrefour']"
734,893,Beatriz Ito,"['3638', '3639', '3640']","['52', '34', '45']","['bebedouro', 'papel de parede cinza', 'instax mini 11']"
735,894,Taís Arruda,['3643'],['8'],['car battery']
736,895,Heloísa Damasceno Lima,['3647'],['63'],['cafeteira']
737,896,Elaine da Cunha Velho,['3648'],['52'],['bebedouro']
738,897,Nicolas Oliveira,"['3649', '3650', '3651']","['59', '47', '70']","['doces', 'chocolate', 'leite ninho']"
739,898,Fabiana Silveira,"['3652', '3653', '3654']","['59', '41', '18']","['doces', 'samsung s20 fe', 'arduino']"
740,899,Kléber Arruda Braz,"['3656', '3657', '3658', '3661', '3662']","['2', '29', '4', '19', '5']","['bateria', 'camera fotografica', 'power supply', 'bateria de carro', 'led lights']"
741,900,Rafael Paim da Silva,['3663'],['19'],['bateria de carro']
742,901,Taís Ito Monteiro,['3670'],['54'],['vodka']
743,902,Rafael da Cruz,"['3673', '3676']","['2', '39']","['bateria', 'moto g10 plus']"
744,903,Elaine Vaz Ito,"['3677', '3678']","['24', '21']","['polaroid', 'camera']"
745,904,Nicole Ruiz,"['3680', '3681', '3682', '3683', '3684', '3685']","['16', '65', '30', '42', '10', '5']","['fichario', 'morango', 'moto g9', 'papel de parede branco', 'laser', 'led lights']"
746,905,Janaína de Salles Arruda,['3687'],['40'],['notebook samsung i7']
747,906,Elaine Paschoal Fraga,['3693'],['44'],['camera de segurança wifi']
748,908,Isabela da Cruz,['3702'],['4'],['power supply']
749,909,Elaine Pedroso,"['3703', '3705', '3706', '3707']","['58', '50', '28', '63']","['espumante', 'gin', 'instax', 'cafeteira']"
750,910,Rafael da Cunha Quadros,['3708'],['28'],['instax']
751,911,Kléber Damasceno Pacheco,['3709'],['46'],['vinho']
752,912,Beatriz Lobo,"['3714', '3715']","['42', '3']","['papel de parede branco', 'batteries']"
753,913,Émerson Medeiros Pedroso,"['3717', '3718', '3719', '3720', '3721', '3722']","['62', '7', '6', '35', '41', '7']","['carrefour', 'trash can', 'battery charger', 'monitor ultrawide', 'samsung s20 fe', 'trash can']"
754,914,Beatriz Fraga,"['3724', '3725', '3727']","['58', '4', '61']","['espumante', 'power supply', 'pasta']"
755,915,Antônio Machado,['3731'],['5'],['led lights']
756,916,Émerson Monteiro Braga,['3732'],['5'],['led lights']
757,917,Valdomiro Gimenes Braga,['3734'],['65'],['morango']
758,918,Janaína Silveira,['3736'],['25'],['s20 fe']
759,919,Nicole Barroso,"['3737', '3738', '3739', '3740', '3741', '3742', '3743']","['59', '60', '32', '63', '43', '12', '15']","['doces', 'cacau show', 'instax mini', 'cafeteira', 'moto g 10', 'multimeter', 'switch controller']"
760,920,Nicole Fraga Medeiros,['3744'],['19'],['bateria de carro']
761,922,Antônio de Salles Lima,"['3753', '3754']","['63', '45']","['cafeteira', 'instax mini 11']"
762,924,Nicole Pedroso da Cunha,"['3758', '3759', '3760']","['18', '67', '43']","['arduino', 'cortina para sala', 'moto g 10']"
763,925,Fabiana Cavalcanti,"['3761', '3762', '3763']","['20', '33', '46']","['led rgb', 'câmera fotográfica', 'vinho']"
764,926,Rafael Fraga Assis,"['3765', '3766', '3767', '3768', '3769']","['47', '63', '29', '31', '67']","['chocolate', 'cafeteira', 'camera fotografica', 'camera polaroid', 'cortina para sala']"
765,927,Beatriz Paschoal,"['3770', '3771']","['45', '40']","['instax mini 11', 'notebook samsung i7']"
766,929,Valdomiro Pedroso,"['3779', '3781', '3782', '3783']","['24', '2', '40', '37']","['polaroid', 'bateria', 'notebook samsung i7', 'moto g9 plus']"
767,930,Isabela da Cruz,['3785'],['52'],['bebedouro']
768,931,Heloísa Lopes,"['3787', '3788', '3789', '3790', '3791', '3792']","['50', '14', '35', '70', '66', '7']","['gin', 'carregador iphone', 'monitor ultrawide', 'leite ninho', 'leite condensado', 'trash can']"
769,932,Beatriz Paschoal,"['3794', '3797']","['43', '39']","['moto g 10', 'moto g10 plus']"
770,933,Kléber Paschoal,['3799'],['38'],['motorola g10']
771,934,Janaína Nazário,"['3800', '3801', '3802']","['19', '43', '68']","['bateria de carro', 'moto g 10', 'açúcar']"
772,935,Gilmar Barroso,"['3803', '3804', '3805', '3806', '3807', '3808', '3809']","['21', '2', '46', '65', '18', '35', '9']","['camera', 'bateria', 'vinho', 'morango', 'arduino', 'monitor ultrawide', 'fluke']"
773,936,Rafael Arruda,"['3811', '3812', '3813', '3814', '3815', '3816']","['36', '36', '46', '2', '34', '40']","['ipad', 'ipad', 'vinho', 'bateria', 'papel de parede cinza', 'notebook samsung i7']"
774,937,Carina Arruda,"['3818', '3820']","['22', '60']","['câmera', 'cacau show']"
775,940,Poliane de Salles da Cruz,"['3829', '3830', '3831', '3832', '3833', '3834']","['42', '8', '60', '28', '43', '17']","['papel de parede branco', 'car battery', 'cacau show', 'instax', 'moto g 10', 'bateria carro']"
776,941,Émerson Machado da Cruz,['3835'],['66'],['leite condensado']
777,942,Fernando Fraga Cavalcanti,"['3837', '3838']","['4', '48']","['power supply', 'cerveja']"
778,943,Adriano Assis,"['3840', '3842', '3843']","['6', '60', '45']","['battery charger', 'cacau show', 'instax mini 11']"
779,944,Taís Cavalcanti Lobo,"['3846', '3847', '3848', '3849', '3850', '3851']","['52', '70', '7', '26', '13', '4']","['bebedouro', 'leite ninho', 'trash can', 'nikon', 'led strip', 'power supply']"
780,945,Elaine Carmo da Cruz,"['3852', '3853', '3854', '3855', '3856']","['16', '18', '3', '39', '34']","['fichario', 'arduino', 'batteries', 'moto g10 plus', 'papel de parede cinza']"
781,948,Carina Lobo,['3867'],['51'],['queijo']
782,949,Émerson Gimenes Braz,['3869'],['23'],['moto g10']
783,950,Elaine Correia Oliveira,['3872'],['16'],['fichario']
784,951,Poliane Damasceno,"['3874', '3875', '3876', '3877', '3878']","['17', '54', '42', '29', '45']","['bateria carro', 'vodka', 'papel de parede branco', 'camera fotografica', 'instax mini 11']"
785,954,Émerson Lopes,"['3888', '3889', '3891']","['19', '51', '24']","['bateria de carro', 'queijo', 'polaroid']"
786,955,Taís Barroso,"['3893', '3895']","['18', '67']","['arduino', 'cortina para sala']"
787,957,Carina Cavalcanti,"['3900', '3901', '3902']","['37', '44', '44']","['moto g9 plus', 'camera de segurança wifi', 'camera de segurança wifi']"
788,958,Isabela Assis,"['3904', '3906']","['7', '32']","['trash can', 'instax mini']"
789,959,Isabela Paim,['3908'],['8'],['car battery']
790,960,Beatriz Machado Paim,"['3909', '3911', '3912']","['57', '39', '11']","['dolce gusto', 'moto g10 plus', 'kabel']"
791,962,Kléber Ito Ruiz,"['3916', '3917', '3918', '3919', '3920', '3921']","['18', '63', '40', '8', '44', '19']","['arduino', 'cafeteira', 'notebook samsung i7', 'car battery', 'camera de segurança wifi', 'bateria de carro']"
792,964,Carlos Correia,"['3924', '3925', '3926', '3927', '3928']","['47', '49', '48', '8', '68']","['chocolate', 'whisky', 'cerveja', 'car battery', 'açúcar']"
793,965,Kléber Simões Simões,"['3929', '3930', '3931']","['49', '53', '32']","['whisky', 'jack daniels', 'instax mini']"
794,966,Carina Pedroso Lobo,['3932'],['19'],['bateria de carro']
795,970,Taís Machado Medeiros,['3940'],['8'],['car battery']
796,971,Valdomiro da Cruz,['3941'],['69'],['barra de chocolate']
797,972,Émerson Falcão Ito,"['3943', '3944', '3945', '3946']","['3', '41', '15', '10']","['batteries', 'samsung s20 fe', 'switch controller', 'laser']"
798,973,Fabiana Arruda,"['3948', '3949']","['48', '8']","['cerveja', 'car battery']"
799,974,Isabela Nazário,"['3950', '3951', '3952', '3953', '3954', '3955']","['33', '29', '51', '62', '10', '58']","['câmera fotográfica', 'camera fotografica', 'queijo', 'carrefour', 'laser', 'espumante']"
800,976,Fabiana Vaz,['3958'],['42'],['papel de parede branco']
801,977,Fernando Braga,['3964'],['70'],['leite ninho']
802,978,Poliane Lima,"['3966', '3968', '3969']","['42', '52', '33']","['papel de parede branco', 'bebedouro', 'câmera fotográfica']"
803,979,Elaine Ito Lima,"['3970', '3971', '3972', '3973', '3974', '3975']","['29', '67', '32', '64', '3', '14']","['camera fotografica', 'cortina para sala', 'instax mini', 'heineken', 'batteries', 'carregador iphone']"
804,980,Carina Simões Damasceno,"['3976', '3977']","['35', '4']","['monitor ultrawide', 'power supply']"
805,981,Rafael Barroso,['3978'],['23'],['moto g10']
806,982,Janaína Arruda,"['3980', '3981', '3983']","['34', '1', '9']","['papel de parede cinza', 'battery', 'fluke']"
807,983,Nicolas Gimenes Velho,"['3984', '3985']","['19', '61']","['bateria de carro', 'pasta']"
808,984,Beatriz da Cunha Braga,['3987'],['15'],['switch controller']
809,985,Émerson Quadros da Silva,['3992'],['51'],['queijo']
810,986,Taís da Silva,"['3993', '3994', '3995', '3996', '3997', '3998']","['22', '65', '39', '56', '16', '69']","['câmera', 'morango', 'moto g10 plus', 'malbec', 'fichario', 'barra de chocolate']"
811,987,Elaine de Salles Gimenes,"['3999', '4002', '4003', '4005']","['31', '29', '46', '20']","['camera polaroid', 'camera fotografica', 'vinho', 'led rgb']"
812,988,Poliane Machado Ito,['4006'],['41'],['samsung s20 fe']
813,989,Fabiana da Silva,['4008'],['2'],['bateria']
814,990,Isabela Carmo,"['4011', '4013', '4014']","['10', '35', '15']","['laser', 'monitor ultrawide', 'switch controller']"
815,991,Valdomiro Vargas,"['4016', '4017']","['33', '23']","['câmera fotográfica', 'moto g10']"
816,993,Rafael Silveira,"['4019', '4020', '4023']","['34', '48', '36']","['papel de parede cinza', 'cerveja', 'ipad']"
817,994,Fabiana Braga,['4025'],['51'],['queijo']
818,995,Kléber Machado,"['4027', '4029']","['14', '56']","['carregador iphone', 'malbec']"
819,997,Poliane Braga,"['4034', '4035', '4036', '4037', '4039', '4040']","['47', '11', '13', '28', '45', '50']","['chocolate', 'kabel', 'led strip', 'instax', 'instax mini 11', 'gin']"
820,998,Carlos Machado,"['4041', '4042', '4043', '4044', '4045', '4046']","['54', '26', '31', '38', '14', '44']","['vodka', 'nikon', 'camera polaroid', 'motorola g10', 'carregador iphone', 'camera de segurança wifi']"
821,999,Adriano Barroso Pedroso,"['4048', '4049', '4050', '4051', '4052', '4053']","['58', '61', '29', '61', '48', '38']","['espumante', 'pasta', 'camera fotografica', 'pasta', 'cerveja', 'motorola g10']"
